module,global_tick,local_tick,seconds,bar,beat,chord_voice,original_note,played_note,transposed,instrument,support_block,right_clicks,velocity,source_tick,track,channel
1,29,29,2.861,2,2.8,1,D4,D4,no,Harp/Piano,泥土,8,57,2197,1,1
1,31,31,3.095,2,3.2,1,D3,D3,no,Double Bass,橡木木板,20,43,2377,1,1
1,31,31,3.103,2,3.2,2,F#3,F#3,no,Harp/Piano,泥土,0,46,2383,1,1
1,31,31,3.095,2,3.2,3,A3,A3,no,Harp/Piano,泥土,3,52,2377,1,1
1,31,31,3.096,2,3.2,4,E4,E4,no,Harp/Piano,泥土,10,63,2378,1,1
1,35,35,3.503,2,4.0,1,D4,D4,no,Harp/Piano,泥土,8,54,2690,1,1
1,37,37,3.706,2,4.4,1,E4,E4,no,Harp/Piano,泥土,10,66,2846,1,1
1,39,39,3.906,2,4.8,1,F#3,F#3,no,Harp/Piano,泥土,0,47,3000,1,1
1,39,39,3.911,2,4.8,2,A3,A3,no,Harp/Piano,泥土,3,45,3004,1,1
1,41,41,4.113,3,1.2,1,D4,D4,no,Harp/Piano,泥土,8,59,3159,1,1
1,45,45,4.522,3,2.0,1,E4,E4,no,Harp/Piano,泥土,10,67,3473,1,1
1,47,47,4.729,3,2.4,1,F#3,F#3,no,Harp/Piano,泥土,0,51,3632,1,1
1,47,47,4.734,3,2.4,2,A3,A3,no,Harp/Piano,泥土,3,45,3636,1,1
1,49,49,4.943,3,2.8,1,D4,D4,no,Harp/Piano,泥土,8,58,3796,1,1
1,53,53,5.345,3,3.6,1,E4,E4,no,Harp/Piano,泥土,10,60,4105,1,1
1,56,56,5.556,3,4.2,1,F#3,F#3,no,Harp/Piano,泥土,0,49,4267,1,1
1,56,56,5.555,3,4.2,2,A3,A3,no,Harp/Piano,泥土,3,51,4266,1,1
1,58,58,5.768,3,4.6,1,D4,D4,no,Harp/Piano,泥土,8,66,4430,1,1
1,62,62,6.161,4,1.4,1,D4,D4,no,Harp/Piano,泥土,8,66,4732,1,1
1,64,64,6.376,4,1.8,1,D3,D3,no,Double Bass,橡木木板,20,49,4897,1,1
1,64,64,6.387,4,1.8,2,A3,A3,no,Harp/Piano,泥土,3,45,4905,1,1
1,64,64,6.396,4,1.8,3,C#4,C#4,no,Harp/Piano,泥土,7,49,4912,1,1
1,64,64,6.383,4,1.8,4,E4,E4,no,Harp/Piano,泥土,10,72,4902,1,1
1,72,72,7.217,4,3.4,1,A3,A3,no,Harp/Piano,泥土,3,51,5543,1,1
1,72,72,7.216,4,3.4,2,C#4,C#4,no,Harp/Piano,泥土,7,53,5542,1,1
1,74,74,7.424,4,3.8,1,D4,D4,no,Harp/Piano,泥土,8,57,5702,1,1
1,76,76,7.622,4,4.2,1,C#4,C#4,no,Harp/Piano,泥土,7,67,5854,1,1
1,78,78,7.840,4,4.6,1,A3,A3,no,Harp/Piano,泥土,3,65,6021,1,1
1,85,85,8.484,5,2.0,1,D3,D3,no,Double Bass,橡木木板,20,51,6516,1,1
1,89,89,8.909,5,2.8,1,A3,A3,no,Harp/Piano,泥土,3,50,6842,1,1
1,89,89,8.904,5,2.8,2,C#4,C#4,no,Harp/Piano,泥土,7,59,6838,1,1
1,95,95,9.533,5,4.0,1,A3,A3,no,Harp/Piano,泥土,3,72,7321,1,1
1,96,96,9.574,5,4.2,1,D3,D3,no,Double Bass,橡木木板,20,31,7353,1,1
1,97,97,9.745,5,4.4,1,F#4,F#4,no,Harp/Piano,泥土,12,74,7484,1,1
1,98,98,9.784,5,4.6,1,D3,D3,no,Double Bass,橡木木板,20,47,7514,1,1
1,98,98,9.775,5,4.6,2,A3,A3,no,Harp/Piano,泥土,3,49,7507,1,1
1,98,98,9.775,5,4.6,3,C4,C4,no,Harp/Piano,泥土,6,57,7507,1,1
1,102,102,10.160,6,1.4,1,E4,E4,no,Harp/Piano,泥土,10,72,7803,1,1
1,103,103,10.341,6,1.6,1,F#4,F#4,no,Harp/Piano,泥土,12,69,7942,1,1
1,105,105,10.544,6,2.0,1,A3,A3,no,Harp/Piano,泥土,3,61,8098,1,1
1,106,106,10.565,6,2.2,1,C4,C4,no,Harp/Piano,泥土,6,57,8114,1,1
1,108,108,10.767,6,2.6,1,E4,E4,no,Harp/Piano,泥土,10,78,8269,1,1
1,112,112,11.167,6,3.4,1,F#4,F#4,no,Harp/Piano,泥土,12,79,8576,1,1
1,114,114,11.350,6,3.8,1,D#3,D#3,no,Double Bass,橡木木板,21,57,8717,1,1
1,114,114,11.367,6,3.8,2,A3,A3,no,Harp/Piano,泥土,3,55,8730,1,1
1,114,114,11.353,6,3.8,3,B3,B3,no,Harp/Piano,泥土,5,63,8719,1,1
1,116,116,11.576,6,4.2,1,G4,G4,no,Harp/Piano,泥土,13,76,8890,1,1
1,120,120,11.984,7,1.0,1,F#4,F#4,no,Harp/Piano,泥土,12,74,9204,1,1
1,122,122,12.176,7,1.4,1,A3,A3,no,Harp/Piano,泥土,3,57,9351,1,1
1,122,122,12.174,7,1.4,2,B3,B3,no,Harp/Piano,泥土,5,60,9350,1,1
1,124,124,12.405,7,1.8,1,F#4,F#4,no,Harp/Piano,泥土,12,66,9527,1,1
1,128,128,12.786,7,2.6,1,A4,A4,no,Harp/Piano,泥土,15,75,9820,1,1
1,130,130,13.014,7,3.0,1,E3,E3,no,Double Bass,橡木木板,22,51,9995,1,1
1,130,130,13.007,7,3.0,2,B3,B3,no,Harp/Piano,泥土,5,51,9989,1,1
1,130,130,13.014,7,3.0,3,D4,D4,no,Harp/Piano,泥土,8,53,9995,1,1
1,130,130,13.004,7,3.0,4,F#4,F#4,no,Harp/Piano,泥土,12,76,9987,1,1
1,138,138,13.833,7,4.6,1,B3,B3,no,Harp/Piano,泥土,5,45,10624,1,1
1,139,139,13.855,7,4.8,1,D4,D4,no,Harp/Piano,泥土,8,46,10641,1,1
1,141,141,14.053,8,1.2,1,E4,E4,no,Harp/Piano,泥土,10,62,10793,1,1
1,142,142,14.250,8,1.4,1,E4,E4,no,Harp/Piano,泥土,10,69,10944,1,1
1,145,145,14.469,8,2.0,1,D4,D4,no,Harp/Piano,泥土,8,61,11112,1,1
1,151,151,15.116,8,3.2,1,E3,E3,no,Double Bass,橡木木板,22,50,11609,1,1
1,155,155,15.536,8,4.0,1,B3,B3,no,Harp/Piano,泥土,5,43,11932,1,1
1,155,155,15.531,8,4.0,2,D4,D4,no,Harp/Piano,泥土,8,40,11928,1,1
1,159,159,15.945,8,4.8,1,F#4,F#4,no,Harp/Piano,泥土,12,68,12246,1,1
1,161,161,16.134,9,1.2,1,G4,G4,no,Harp/Piano,泥土,13,75,12391,1,1
1,164,164,16.362,9,1.8,1,G3,G3,no,Harp/Piano,泥土,1,46,12566,1,1
1,164,164,16.363,9,1.8,2,A#3,A#3,no,Harp/Piano,泥土,4,51,12567,1,1
1,164,164,16.375,9,1.8,3,D4,D4,no,Harp/Piano,泥土,8,36,12576,1,1
1,164,164,16.365,9,1.8,4,E4,E4,no,Harp/Piano,泥土,10,51,12568,1,1
1,164,164,16.355,9,1.8,5,A4,A4,no,Harp/Piano,泥土,15,75,12561,1,1
1,167,167,16.736,9,2.4,1,A4,A4,no,Harp/Piano,泥土,15,70,12853,1,1
1,170,170,16.953,9,3.0,1,A4,A4,no,Harp/Piano,泥土,15,60,13020,1,1
1,172,172,17.163,9,3.4,1,A#3,A#3,no,Harp/Piano,泥土,4,51,13181,1,1
1,172,172,17.163,9,3.4,2,D4,D4,no,Harp/Piano,泥土,8,41,13181,1,1
1,174,174,17.355,9,3.8,1,A4,A4,no,Harp/Piano,泥土,15,69,13329,1,1
1,178,178,17.779,9,4.6,1,A4,A4,no,Harp/Piano,泥土,15,63,13654,1,1
1,180,180,17.969,10,1.0,1,A#3,A#3,no,Harp/Piano,泥土,4,40,13800,1,1
1,180,180,17.974,10,1.0,2,D4,D4,no,Harp/Piano,泥土,8,36,13804,1,1
1,188,188,18.835,10,2.6,1,A#3,A#3,no,Harp/Piano,泥土,4,39,14465,1,1
1,188,188,18.831,10,2.6,2,D4,D4,no,Harp/Piano,泥土,8,41,14462,1,1
1,193,193,19.263,10,3.6,1,A4,A4,no,Harp/Piano,泥土,15,76,14794,1,1
1,197,197,19.690,10,4.4,1,F#3,F#3,no,Harp/Piano,泥土,0,50,15122,1,1
1,197,197,19.686,10,4.4,2,A3,A3,no,Harp/Piano,泥土,3,50,15119,1,1
1,197,197,19.684,10,4.4,3,D4,D4,no,Harp/Piano,泥土,8,46,15117,1,1
1,197,197,19.660,10,4.4,4,A4,A4,no,Harp/Piano,泥土,15,74,15099,1,1
1,201,201,20.068,11,1.2,1,B4,B4,no,Harp/Piano,泥土,17,65,15412,1,1
1,203,203,20.276,11,1.6,1,G4,G4,no,Harp/Piano,泥土,13,74,15572,1,1
1,205,205,20.461,11,2.0,1,A3,A3,no,Harp/Piano,泥土,3,48,15714,1,1
1,205,205,20.464,11,2.0,2,D4,D4,no,Harp/Piano,泥土,8,50,15716,1,1
1,207,207,20.671,11,2.4,1,F#4,F#4,no,Harp/Piano,泥土,12,68,15875,1,1
1,211,211,21.082,11,3.2,1,F#4,F#4,no,Harp/Piano,泥土,12,65,16191,1,1
1,213,213,21.293,11,3.6,1,B1,B1,no,Double Bass,橡木木板,5,40,16353,1,1
1,213,213,21.294,11,3.6,2,B2,B2,no,Double Bass,橡木木板,17,41,16354,1,1
1,213,213,21.299,11,3.6,3,F#3,F#3,no,Harp/Piano,泥土,0,41,16358,1,1
1,213,213,21.292,11,3.6,4,A3,A3,no,Harp/Piano,泥土,3,48,16352,1,1
1,213,213,21.290,11,3.6,5,D4,D4,no,Harp/Piano,泥土,8,54,16351,1,1
1,221,221,22.141,12,1.2,1,A3,A3,no,Harp/Piano,泥土,3,45,17004,1,1
1,222,222,22.155,12,1.4,1,F#3,F#3,no,Harp/Piano,泥土,0,39,17015,1,1
1,228,228,22.767,12,2.6,1,F#4,F#4,no,Harp/Piano,泥土,12,60,17485,1,1
1,229,229,22.852,12,2.8,1,G4,G4,no,Harp/Piano,泥土,13,72,17550,1,1
1,230,230,22.995,12,3.0,1,E3,E3,no,Double Bass,橡木木板,22,56,17660,1,1
1,230,230,22.999,12,3.0,2,G3,G3,no,Harp/Piano,泥土,1,50,17663,1,1
1,230,230,22.996,12,3.0,3,B3,B3,no,Harp/Piano,泥土,5,55,17661,1,1
1,230,230,22.987,12,3.0,4,F#4,F#4,no,Harp/Piano,泥土,12,71,17654,1,1
1,232,232,23.190,12,3.4,1,D4,D4,no,Harp/Piano,泥土,8,60,17810,1,1
1,234,234,23.401,12,3.8,1,D4,D4,no,Harp/Piano,泥土,8,58,17972,1,1
1,241,241,24.052,13,1.2,1,E3,E3,no,Double Bass,橡木木板,22,57,18472,1,1
1,243,243,24.255,13,1.6,1,G3,G3,no,Harp/Piano,泥土,1,56,18628,1,1
1,245,245,24.456,13,2.0,1,B3,B3,no,Harp/Piano,泥土,5,65,18782,1,1
1,246,246,24.625,13,2.2,1,D4,D4,no,Harp/Piano,泥土,8,48,18912,1,1
1,247,247,24.706,13,2.4,1,A2,A2,no,Double Bass,橡木木板,15,54,18974,1,1
1,247,247,24.664,13,2.4,2,E3,E3,no,Double Bass,橡木木板,22,42,18942,1,1
1,247,247,24.680,13,2.4,3,E4,E4,no,Harp/Piano,泥土,10,65,18954,1,1
1,253,253,25.329,13,3.6,1,A4,A4,no,Harp/Piano,泥土,15,54,19453,1,1
1,255,255,25.523,13,4.0,1,A6,A6,no,Chime,浮冰,15,73,19602,1,1
1,256,256,25.552,13,4.2,1,A5,A5,no,Chime,浮冰,3,58,19624,1,1
1,262,262,26.174,14,1.4,1,D5,D5,no,Harp/Piano,泥土,20,82,20102,1,1
1,264,264,26.406,14,1.8,1,D2,D2,no,Double Bass,橡木木板,8,60,20280,1,1
1,264,264,26.409,14,1.8,2,D3,D3,no,Double Bass,橡木木板,20,66,20282,1,1
1,264,264,26.415,14,1.8,3,A4,A4,no,Harp/Piano,泥土,15,67,20287,1,1
1,264,264,26.404,14,1.8,4,E5,E5,no,Harp/Piano,泥土,22,85,20278,1,1
1,268,268,26.805,14,2.6,1,D5,D5,no,Harp/Piano,泥土,20,73,20586,1,1
1,270,270,27.016,14,3.0,1,E5,E5,no,Harp/Piano,泥土,22,79,20748,1,1
1,272,272,27.236,14,3.4,1,F#3,F#3,no,Harp/Piano,泥土,0,54,20917,1,1
1,272,272,27.234,14,3.4,2,A3,A3,no,Harp/Piano,泥土,3,50,20916,1,1
1,272,272,27.224,14,3.4,3,E4,E4,no,Harp/Piano,泥土,10,65,20908,1,1
1,274,274,27.427,14,3.8,1,D5,D5,no,Harp/Piano,泥土,20,76,21064,1,1
1,278,278,27.831,14,4.6,1,E5,E5,no,Harp/Piano,泥土,22,79,21374,1,1
1,280,280,28.040,15,1.0,1,F#3,F#3,no,Harp/Piano,泥土,0,51,21535,1,1
1,280,280,28.035,15,1.0,2,A3,A3,no,Harp/Piano,泥土,3,54,21531,1,1
1,280,280,28.035,15,1.0,3,E4,E4,no,Harp/Piano,泥土,10,62,21531,1,1
1,282,282,28.236,15,1.4,1,D5,D5,no,Harp/Piano,泥土,20,78,21685,1,1
1,286,286,28.630,15,2.2,1,E5,E5,no,Harp/Piano,泥土,22,83,21988,1,1
1,288,288,28.835,15,2.6,1,F#3,F#3,no,Harp/Piano,泥土,0,59,22145,1,1
1,288,288,28.833,15,2.6,2,A3,A3,no,Harp/Piano,泥土,3,63,22144,1,1
1,288,288,28.836,15,2.6,3,E4,E4,no,Harp/Piano,泥土,10,67,22146,1,1
1,290,290,29.030,15,3.0,1,D5,D5,no,Harp/Piano,泥土,20,83,22295,1,1
1,294,294,29.440,15,3.8,1,A2,A2,no,Double Bass,橡木木板,15,61,22610,1,1
1,294,294,29.423,15,3.8,2,D5,D5,no,Harp/Piano,泥土,20,76,22597,1,1
1,296,296,29.648,15,4.2,1,D2,D2,no,Double Bass,橡木木板,8,63,22770,1,1
1,296,296,29.634,15,4.2,2,E5,E5,no,Harp/Piano,泥土,22,83,22759,1,1
1,297,297,29.665,15,4.4,1,C#5,C#5,no,Harp/Piano,泥土,19,63,22783,1,1
1,305,305,30.488,16,2.0,1,A3,A3,no,Harp/Piano,泥土,3,51,23415,1,1
1,305,305,30.488,16,2.0,2,C#4,C#4,no,Harp/Piano,泥土,7,57,23415,1,1
1,305,305,30.486,16,2.0,3,E4,E4,no,Harp/Piano,泥土,10,51,23413,1,1
1,307,307,30.678,16,2.4,1,D5,D5,no,Harp/Piano,泥土,20,71,23561,1,1
1,309,309,30.879,16,2.8,1,C#5,C#5,no,Harp/Piano,泥土,19,74,23715,1,1
1,311,311,31.103,16,3.2,1,C#4,C#4,no,Harp/Piano,泥土,7,59,23887,1,1
1,311,311,31.096,16,3.2,2,E4,E4,no,Harp/Piano,泥土,10,52,23882,1,1
1,311,311,31.086,16,3.2,3,A4,A4,no,Harp/Piano,泥土,15,66,23874,1,1
1,315,315,31.492,16,4.0,1,D4,D4,no,Harp/Piano,泥土,8,58,24186,1,1
1,317,317,31.693,16,4.4,1,C#4,C#4,no,Harp/Piano,泥土,7,66,24340,1,1
1,319,319,31.904,16,4.8,1,A3,A3,no,Harp/Piano,泥土,3,67,24502,1,1
2,323,3,32.328,17,1.6,1,E3,E3,no,Double Bass,橡木木板,22,62,24828,1,1
2,325,5,32.527,17,2.0,1,A2,A2,no,Double Bass,橡木木板,15,70,24981,1,1
2,327,7,32.733,17,2.4,1,A4,A4,no,Harp/Piano,泥土,15,73,25139,1,1
2,329,9,32.943,17,2.8,1,F#5,F#5,no,Harp/Piano,泥土,24,93,25300,1,1
2,330,10,32.961,17,3.0,1,C2,C2,no,Double Bass,橡木木板,6,70,25314,1,1
2,330,10,32.967,17,3.0,2,C3,C3,no,Double Bass,橡木木板,18,64,25319,1,1
2,330,10,32.974,17,3.0,3,A4,A4,no,Harp/Piano,泥土,15,71,25324,1,1
2,333,13,33.341,17,3.6,1,E5,E5,no,Harp/Piano,泥土,22,82,25606,1,1
2,336,16,33.555,17,4.2,1,F#5,F#5,no,Harp/Piano,泥土,24,91,25770,1,1
2,338,18,33.764,17,4.6,1,A3,A3,no,Harp/Piano,泥土,3,61,25931,1,1
2,338,18,33.763,17,4.6,2,C4,C4,no,Harp/Piano,泥土,6,63,25930,1,1
2,338,18,33.755,17,4.6,3,F#4,F#4,no,Harp/Piano,泥土,12,59,25924,1,1
2,342,22,34.168,18,1.4,1,E5,E5,no,Harp/Piano,泥土,22,84,26241,1,1
2,344,24,34.374,18,1.8,1,A4,A4,no,Harp/Piano,泥土,15,72,26399,1,1
2,344,24,34.376,18,1.8,2,B4,B4,no,Harp/Piano,泥土,17,71,26401,1,1
2,344,24,34.355,18,1.8,3,F#5,F#5,no,Harp/Piano,泥土,24,92,26385,1,1
2,345,25,34.549,18,2.0,1,B2,B2,no,Double Bass,橡木木板,17,76,26534,1,1
2,346,26,34.552,18,2.2,1,B1,B1,no,Double Bass,橡木木板,5,74,26536,1,1
2,348,28,34.777,18,2.6,1,G5,G5,no,Chime,浮冰,1,87,26709,1,1
2,352,32,35.164,18,3.4,1,F#5,F#5,no,Harp/Piano,泥土,24,92,27006,1,1
2,354,34,35.375,18,3.8,1,A3,A3,no,Harp/Piano,泥土,3,66,27168,1,1
2,354,34,35.368,18,3.8,2,B3,B3,no,Harp/Piano,泥土,5,64,27163,1,1
2,354,34,35.354,18,3.8,3,F#4,F#4,no,Harp/Piano,泥土,12,76,27152,1,1
2,356,36,35.562,18,4.2,1,F#5,F#5,no,Harp/Piano,泥土,24,88,27312,1,1
2,360,40,35.964,19,1.0,1,B2,B2,no,Double Bass,橡木木板,17,66,27620,1,1
2,360,40,35.956,19,1.0,2,A5,A5,no,Chime,浮冰,3,90,27614,1,1
2,362,42,36.186,19,1.4,1,E2,E2,no,Double Bass,橡木木板,10,64,27791,1,1
2,362,42,36.193,19,1.4,2,E3,E3,no,Double Bass,橡木木板,22,64,27796,1,1
2,362,42,36.189,19,1.4,3,A4,A4,no,Harp/Piano,泥土,15,63,27793,1,1
2,362,42,36.188,19,1.4,4,D5,D5,no,Harp/Piano,泥土,20,69,27792,1,1
2,362,42,36.174,19,1.4,5,F#5,F#5,no,Harp/Piano,泥土,24,87,27782,1,1
2,370,50,37.018,19,3.0,1,B3,B3,no,Harp/Piano,泥土,5,50,28430,1,1
2,370,50,37.014,19,3.0,2,D4,D4,no,Harp/Piano,泥土,8,46,28427,1,1
2,370,50,37.007,19,3.0,3,G4,G4,no,Harp/Piano,泥土,13,59,28421,1,1
2,372,52,37.185,19,3.4,1,E5,E5,no,Harp/Piano,泥土,22,67,28558,1,1
2,374,54,37.385,19,3.8,1,E5,E5,no,Harp/Piano,泥土,22,68,28712,1,1
2,376,56,37.613,19,4.2,1,D4,D4,no,Harp/Piano,泥土,8,57,28887,1,1
2,376,56,37.604,19,4.2,2,G4,G4,no,Harp/Piano,泥土,13,60,28880,1,1
2,376,56,37.600,19,4.2,3,D5,D5,no,Harp/Piano,泥土,20,71,28877,1,1
2,380,60,37.999,20,1.0,1,B3,B3,no,Harp/Piano,泥土,5,50,29183,1,1
2,382,62,38.217,20,1.4,1,D4,D4,no,Harp/Piano,泥土,8,44,29351,1,1
2,384,64,38.410,20,1.8,1,G4,G4,no,Harp/Piano,泥土,13,54,29499,1,1
2,386,66,38.612,20,2.2,1,A4,A4,no,Harp/Piano,泥土,15,62,29654,1,1
2,388,68,38.811,20,2.6,1,G4,G4,no,Harp/Piano,泥土,13,63,29807,1,1
2,390,70,38.996,20,3.0,1,D4,D4,no,Harp/Piano,泥土,8,63,29949,1,1
2,390,70,38.996,20,3.0,2,F#5,F#5,no,Harp/Piano,泥土,24,85,29949,1,1
2,392,72,39.182,20,3.4,1,B3,B3,no,Harp/Piano,泥土,5,69,30092,1,1
2,392,72,39.193,20,3.4,2,G5,G5,no,Chime,浮冰,1,88,30100,1,1
2,394,74,39.436,20,3.8,1,G2,G2,no,Double Bass,橡木木板,13,55,30287,1,1
2,394,74,39.443,20,3.8,2,A#4,A#4,no,Harp/Piano,泥土,16,67,30292,1,1
2,394,74,39.441,20,3.8,3,D5,D5,no,Harp/Piano,泥土,20,62,30291,1,1
2,394,74,39.430,20,3.8,4,A5,A5,no,Chime,浮冰,3,87,30282,1,1
2,398,78,39.819,20,4.6,1,A5,A5,no,Chime,浮冰,3,86,30581,1,1
2,400,80,40.033,21,1.0,1,A5,A5,no,Chime,浮冰,3,85,30745,1,1
2,402,82,40.236,21,1.4,1,A#3,A#3,no,Harp/Piano,泥土,4,51,30901,1,1
2,402,82,40.238,21,1.4,2,D4,D4,no,Harp/Piano,泥土,8,52,30903,1,1
2,402,82,40.224,21,1.4,3,A4,A4,no,Harp/Piano,泥土,15,58,30892,1,1
2,404,84,40.431,21,1.8,1,A5,A5,no,Chime,浮冰,3,79,31051,1,1
2,408,88,40.845,21,2.6,1,A5,A5,no,Chime,浮冰,3,80,31369,1,1
2,410,90,41.047,21,3.0,1,A#3,A#3,no,Harp/Piano,泥土,4,41,31524,1,1
2,410,90,41.043,21,3.0,2,D4,D4,no,Harp/Piano,泥土,8,39,31521,1,1
2,410,90,41.036,21,3.0,3,A4,A4,no,Harp/Piano,泥土,15,41,31516,1,1
2,412,92,41.242,21,3.4,1,E6,E6,no,Chime,浮冰,10,60,31674,1,1
2,414,94,41.439,21,3.8,1,D6,D6,no,Chime,浮冰,8,61,31825,1,1
2,416,96,41.624,21,4.2,1,A5,A5,no,Chime,浮冰,3,56,31967,1,1
2,418,98,41.835,21,4.6,1,A#3,A#3,no,Harp/Piano,泥土,4,41,32129,1,1
2,418,98,41.836,21,4.6,2,D4,D4,no,Harp/Piano,泥土,8,30,32130,1,1
2,418,98,41.826,21,4.6,3,A4,A4,no,Harp/Piano,泥土,15,49,32122,1,1
2,418,98,41.835,21,4.6,4,A6,A6,no,Chime,浮冰,15,52,32129,1,1
2,422,102,42.232,22,1.4,1,A5,A5,no,Chime,浮冰,3,90,32434,1,1
2,426,106,42.643,22,2.2,1,A5,A5,no,Chime,浮冰,3,85,32750,1,1
2,427,107,42.673,22,2.4,1,A2,A2,no,Double Bass,橡木木板,15,60,32773,1,1
2,427,107,42.671,22,2.4,2,A3,A3,no,Harp/Piano,泥土,3,60,32771,1,1
2,427,107,42.674,22,2.4,3,A4,A4,no,Harp/Piano,泥土,15,60,32774,1,1
2,427,107,42.677,22,2.4,4,D5,D5,no,Harp/Piano,泥土,20,59,32776,1,1
2,427,107,42.678,22,2.4,5,F#5,F#5,no,Harp/Piano,泥土,24,71,32777,1,1
2,431,111,43.066,22,3.2,1,B5,B5,no,Chime,浮冰,5,82,33075,1,1
2,433,113,43.266,22,3.6,1,G5,G5,no,Chime,浮冰,1,88,33228,1,1
2,435,115,43.486,22,4.0,1,A3,A3,no,Harp/Piano,泥土,3,39,33397,1,1
2,435,115,43.487,22,4.0,2,D4,D4,no,Harp/Piano,泥土,8,53,33398,1,1
2,435,115,43.477,22,4.0,3,F#4,F#4,no,Harp/Piano,泥土,12,54,33390,1,1
2,435,115,43.461,22,4.0,4,A4,A4,no,Harp/Piano,泥土,15,64,33378,1,1
2,437,117,43.677,22,4.4,1,F#5,F#5,no,Harp/Piano,泥土,24,88,33544,1,1
2,441,121,44.079,23,1.2,1,F#5,F#5,no,Harp/Piano,泥土,24,83,33853,1,1
2,443,123,44.309,23,1.6,1,B2,B2,no,Double Bass,橡木木板,17,49,34029,1,1
2,443,123,44.315,23,1.6,2,F#3,F#3,no,Harp/Piano,泥土,0,47,34034,1,1
2,443,123,44.311,23,1.6,3,A3,A3,no,Harp/Piano,泥土,3,47,34031,1,1
2,443,123,44.323,23,1.6,4,F#4,F#4,no,Harp/Piano,泥土,12,51,34040,1,1
2,443,123,44.315,23,1.6,5,A4,A4,no,Harp/Piano,泥土,15,58,34034,1,1
2,443,123,44.277,23,1.6,6,D5,D5,no,Harp/Piano,泥土,20,72,34005,1,1
2,449,129,44.944,23,2.8,1,D7,D7,no,Chime,浮冰,20,64,34517,1,1
2,450,130,45.033,23,3.0,1,C#7,C#7,no,Chime,浮冰,19,75,34585,1,1
2,451,131,45.111,23,3.2,1,A2,A2,no,Double Bass,橡木木板,15,60,34645,1,1
2,451,131,45.105,23,3.2,2,A3,A3,no,Harp/Piano,泥土,3,53,34641,1,1
2,451,131,45.107,23,3.2,3,A6,A6,no,Chime,浮冰,15,69,34642,1,1
2,457,137,45.732,23,4.4,1,G5,G5,no,Chime,浮冰,1,83,35122,1,1
2,459,139,45.944,23,4.8,1,E2,E2,no,Double Bass,橡木木板,10,62,35285,1,1
2,459,139,45.947,23,4.8,2,F#5,F#5,no,Harp/Piano,泥土,24,83,35287,1,1
2,460,140,45.953,24,1.0,1,G3,G3,no,Harp/Piano,泥土,1,60,35292,1,1
2,460,140,45.971,24,1.0,2,A4,A4,no,Harp/Piano,泥土,15,67,35306,1,1
2,461,141,46.148,24,1.2,1,D5,D5,no,Harp/Piano,泥土,20,66,35442,1,1
2,464,144,46.358,24,1.8,1,D5,D5,no,Harp/Piano,泥土,20,76,35603,1,1
2,466,146,46.562,24,2.2,1,B3,B3,no,Harp/Piano,泥土,5,63,35760,1,1
2,466,146,46.561,24,2.2,2,D4,D4,no,Harp/Piano,泥土,8,58,35759,1,1
2,472,152,47.203,24,3.4,1,E3,E3,no,Double Bass,橡木木板,22,64,36252,1,1
2,474,154,47.396,24,3.8,1,D5,D5,no,Harp/Piano,泥土,20,74,36400,1,1
2,476,156,47.634,24,4.2,1,A2,A2,no,Double Bass,橡木木板,15,61,36583,1,1
2,476,156,47.629,24,4.2,2,G3,G3,no,Harp/Piano,泥土,1,62,36579,1,1
2,476,156,47.638,24,4.2,3,G4,G4,no,Harp/Piano,泥土,13,70,36586,1,1
2,476,156,47.646,24,4.2,4,A4,A4,no,Harp/Piano,泥土,15,66,36592,1,1
2,476,156,47.628,24,4.2,5,D5,D5,no,Harp/Piano,泥土,20,70,36578,1,1
2,485,165,48.491,25,2.0,1,C#5,C#5,no,Harp/Piano,泥土,19,76,37241,1,1
2,491,171,49.109,25,3.2,1,D5,D5,no,Harp/Piano,泥土,20,72,37716,1,1
2,493,173,49.335,25,3.6,1,D2,D2,no,Double Bass,橡木木板,8,61,37889,1,1
2,493,173,49.341,25,3.6,2,G4,G4,no,Harp/Piano,泥土,13,66,37894,1,1
2,493,173,49.345,25,3.6,3,A4,A4,no,Harp/Piano,泥土,15,61,37897,1,1
2,493,173,49.333,25,3.6,4,D5,D5,no,Harp/Piano,泥土,20,75,37888,1,1
2,498,178,49.758,25,4.6,1,A2,A2,no,Double Bass,橡木木板,15,54,38214,1,1
2,500,180,49.953,26,1.0,1,D3,D3,no,Double Bass,橡木木板,20,55,38364,1,1
2,502,182,50.155,26,1.4,1,E4,E4,no,Harp/Piano,泥土,10,64,38519,1,1
2,505,185,50.530,26,2.0,1,A3,A3,no,Harp/Piano,泥土,3,57,38807,1,1
2,507,187,50.745,26,2.4,1,F#4,F#4,no,Harp/Piano,泥土,12,62,38972,1,1
2,512,192,51.159,26,3.4,1,D3,D3,no,Double Bass,橡木木板,20,49,39290,1,1
2,514,194,51.365,26,3.8,1,D4,D4,no,Harp/Piano,泥土,8,55,39448,1,1
2,518,198,51.784,26,4.6,1,A2,A2,no,Double Bass,橡木木板,15,54,39770,1,1
2,520,200,51.984,27,1.0,1,A3,A3,no,Harp/Piano,泥土,3,60,39924,1,1
2,524,204,52.401,27,1.8,1,G3,G3,no,Harp/Piano,泥土,1,48,40244,1,1
2,526,206,52.641,27,2.2,1,D2,D2,no,Double Bass,橡木木板,8,38,40428,1,1
2,526,206,52.637,27,2.2,2,F#3,F#3,no,Harp/Piano,泥土,0,50,40425,1,1
2,556,236,55.624,28,4.2,1,F#4,F#4,no,Harp/Piano,泥土,12,62,42719,1,1
2,556,236,55.616,28,4.2,2,F#5,F#5,no,Harp/Piano,泥土,24,78,42713,1,1
2,558,238,55.842,28,4.6,1,G4,G4,no,Harp/Piano,泥土,13,76,42887,1,1
2,558,238,55.823,28,4.6,2,G5,G5,no,Chime,浮冰,1,87,42872,1,1
2,560,240,56.025,29,1.0,1,F#4,F#4,no,Harp/Piano,泥土,12,86,43027,1,1
2,560,240,56.012,29,1.0,2,F#5,F#5,no,Harp/Piano,泥土,24,94,43017,1,1
2,562,242,56.207,29,1.4,1,G4,G4,no,Harp/Piano,泥土,13,90,43167,1,1
2,562,242,56.204,29,1.4,2,G5,G5,no,Chime,浮冰,1,98,43165,1,1
2,564,244,56.398,29,1.8,1,A4,A4,no,Harp/Piano,泥土,15,91,43314,1,1
2,564,244,56.395,29,1.8,2,A5,A5,no,Chime,浮冰,3,98,43311,1,1
2,566,246,56.624,29,2.2,1,G2,G2,no,Double Bass,橡木木板,13,73,43487,1,1
2,566,246,56.626,29,2.2,2,D3,D3,no,Double Bass,橡木木板,20,73,43489,1,1
2,566,246,56.622,29,2.2,3,B3,B3,no,Harp/Piano,泥土,5,78,43486,1,1
2,566,246,56.622,29,2.2,4,D5,D5,no,Harp/Piano,泥土,20,84,43486,1,1
2,566,246,56.621,29,2.2,5,F#5,F#5,no,Harp/Piano,泥土,24,89,43485,1,1
2,566,246,56.612,29,2.2,6,D6,D6,no,Chime,浮冰,8,102,43478,1,1
2,578,258,57.753,29,4.6,1,F#5,F#5,no,Harp/Piano,泥土,24,96,44354,1,1
2,581,261,58.133,30,1.2,1,D#5,D#5,no,Harp/Piano,泥土,21,60,44646,1,1
2,582,262,58.184,30,1.4,1,E5,E5,no,Harp/Piano,泥土,22,91,44685,1,1
2,584,264,58.371,30,1.8,1,F#2,F#2,no,Double Bass,橡木木板,12,62,44829,1,1
2,584,264,58.375,30,1.8,2,C#3,C#3,no,Double Bass,橡木木板,19,67,44832,1,1
2,584,264,58.383,30,1.8,3,A#3,A#3,no,Harp/Piano,泥土,4,57,44838,1,1
2,586,266,58.612,30,2.2,1,F#4,F#4,no,Harp/Piano,泥土,12,62,45014,1,1
2,586,266,58.615,30,2.2,2,A#4,A#4,no,Harp/Piano,泥土,16,71,45016,1,1
2,586,266,58.579,30,2.2,3,D5,D5,no,Harp/Piano,泥土,20,79,44989,1,1
2,590,270,58.973,30,3.0,1,A#3,A#3,no,Harp/Piano,泥土,4,62,45291,1,1
2,590,270,58.973,30,3.0,2,C#4,C#4,no,Harp/Piano,泥土,7,71,45291,1,1
2,594,274,59.388,30,3.8,1,C#3,C#3,no,Double Bass,橡木木板,19,63,45610,1,1
2,596,276,59.587,30,4.2,1,F#2,F#2,no,Double Bass,橡木木板,12,68,45763,1,1
2,598,278,59.803,30,4.6,1,E5,E5,no,Harp/Piano,泥土,22,87,45929,1,1
2,600,280,60.023,31,1.0,1,B2,B2,no,Double Bass,橡木木板,17,65,46098,1,1
2,600,280,60.026,31,1.0,2,F#3,F#3,no,Harp/Piano,泥土,0,69,46100,1,1
2,600,280,60.023,31,1.0,3,A3,A3,no,Harp/Piano,泥土,3,72,46098,1,1
2,600,280,60.027,31,1.0,4,A4,A4,no,Harp/Piano,泥土,15,73,46101,1,1
2,600,280,60.026,31,1.0,5,D5,D5,no,Harp/Piano,泥土,20,70,46100,1,1
2,600,280,60.014,31,1.0,6,F#5,F#5,no,Harp/Piano,泥土,24,93,46091,1,1
2,604,284,60.426,31,1.8,1,E5,E5,no,Harp/Piano,泥土,22,80,46407,1,1
2,606,286,60.637,31,2.2,1,G5,G5,no,Chime,浮冰,1,92,46569,1,1
2,610,290,61.033,31,3.0,1,F#3,F#3,no,Harp/Piano,泥土,0,71,46873,1,1
2,612,292,61.236,31,3.4,1,A3,A3,no,Harp/Piano,泥土,3,77,47029,1,1
2,612,292,61.243,31,3.4,2,F#5,F#5,no,Harp/Piano,泥土,24,93,47035,1,1
2,614,294,61.414,31,3.8,1,D4,D4,no,Harp/Piano,泥土,8,67,47166,1,1
2,614,294,61.445,31,3.8,2,F#5,F#5,no,Harp/Piano,泥土,24,97,47190,1,1
2,617,297,61.654,31,4.4,1,A2,A2,no,Double Bass,橡木木板,15,70,47350,1,1
2,617,297,61.655,31,4.4,2,E3,E3,no,Double Bass,橡木木板,22,74,47351,1,1
2,617,297,61.659,31,4.4,3,G3,G3,no,Harp/Piano,泥土,1,75,47354,1,1
2,617,297,61.655,31,4.4,4,G4,G4,no,Harp/Piano,泥土,13,76,47351,1,1
2,617,297,61.652,31,4.4,5,C5,C5,no,Harp/Piano,泥土,18,81,47349,1,1
2,623,303,62.276,32,1.6,1,F#3,F#3,no,Harp/Piano,泥土,0,73,47828,1,1
2,624,304,62.382,32,1.8,1,A2,A2,no,Double Bass,橡木木板,15,78,47909,1,1
2,625,305,62.465,32,2.0,1,D2,D2,no,Double Bass,橡木木板,8,78,47973,1,1
2,625,305,62.464,32,2.0,2,C5,C5,no,Harp/Piano,泥土,18,79,47972,1,1
2,625,305,62.457,32,2.0,3,E5,E5,no,Harp/Piano,泥土,22,83,47967,1,1
2,631,311,63.065,32,3.2,1,D5,D5,no,Harp/Piano,泥土,20,87,48434,1,1
2,633,313,63.286,32,3.6,1,G2,G2,no,Double Bass,橡木木板,13,73,48604,1,1
2,633,313,63.296,32,3.6,2,D3,D3,no,Double Bass,橡木木板,20,72,48611,1,1
2,633,313,63.297,32,3.6,3,D5,D5,no,Harp/Piano,泥土,20,81,48612,1,1
2,633,313,63.294,32,3.6,4,F#5,F#5,no,Harp/Piano,泥土,24,90,48610,1,1
2,633,313,63.285,32,3.6,5,B5,B5,no,Chime,浮冰,5,98,48603,1,1
3,641,1,64.116,33,1.2,1,F#2,F#2,no,Double Bass,橡木木板,12,77,49241,1,1
3,641,1,64.124,33,1.2,2,C#3,C#3,no,Double Bass,橡木木板,19,75,49247,1,1
3,641,1,64.113,33,1.2,3,A#3,A#3,no,Harp/Piano,泥土,4,78,49239,1,1
3,641,1,64.145,33,1.2,4,E5,E5,no,Harp/Piano,泥土,22,68,49263,1,1
3,641,1,64.143,33,1.2,5,A#5,A#5,no,Chime,浮冰,4,75,49262,1,1
3,641,1,64.121,33,1.2,6,C#6,C#6,no,Chime,浮冰,7,97,49245,1,1
3,642,2,64.151,33,1.4,1,F#5,F#5,no,Harp/Piano,泥土,24,69,49268,1,1
3,645,5,64.505,33,2.0,1,F#3,F#3,no,Harp/Piano,泥土,0,83,49540,1,1
3,647,7,64.685,33,2.4,1,A#3,A#3,no,Harp/Piano,泥土,4,70,49678,1,1
3,647,7,64.706,33,2.4,2,C#4,C#4,no,Harp/Piano,泥土,7,63,49694,1,1
3,649,9,64.927,33,2.8,1,B2,B2,no,Double Bass,橡木木板,17,77,49864,1,1
3,649,9,64.927,33,2.8,2,F#3,F#3,no,Harp/Piano,泥土,0,82,49864,1,1
3,649,9,64.928,33,2.8,3,A3,A3,no,Harp/Piano,泥土,3,79,49865,1,1
3,649,9,64.923,33,2.8,4,D5,D5,no,Harp/Piano,泥土,20,81,49861,1,1
3,649,9,64.915,33,2.8,5,F#5,F#5,no,Harp/Piano,泥土,24,87,49855,1,1
3,649,9,64.865,33,2.8,6,C#6,C#6,no,Chime,浮冰,7,71,49816,1,1
3,649,9,64.901,33,2.8,7,D6,D6,no,Chime,浮冰,8,97,49844,1,1
3,653,13,65.324,33,3.6,1,F#5,F#5,no,Harp/Piano,泥土,24,95,50169,1,1
3,655,15,65.533,33,4.0,1,E5,E5,no,Harp/Piano,泥土,22,95,50329,1,1
3,657,17,65.716,33,4.4,1,D#2,D#2,no,Double Bass,橡木木板,9,77,50470,1,1
3,657,17,65.717,33,4.4,2,D#3,D#3,no,Double Bass,橡木木板,21,79,50471,1,1
3,659,19,65.938,33,4.8,1,A3,A3,no,Harp/Piano,泥土,3,71,50640,1,1
3,659,19,65.939,33,4.8,2,B3,B3,no,Harp/Piano,泥土,5,73,50641,1,1
3,659,19,65.932,33,4.8,3,D#4,D#4,no,Harp/Piano,泥土,9,81,50636,1,1
3,659,19,65.927,33,4.8,4,G4,G4,no,Harp/Piano,泥土,13,79,50632,1,1
3,659,19,65.932,33,4.8,5,B4,B4,no,Harp/Piano,泥土,17,78,50636,1,1
3,659,19,65.923,33,4.8,6,D5,D5,no,Harp/Piano,泥土,20,91,50629,1,1
3,663,23,66.328,34,1.6,1,D5,D5,no,Harp/Piano,泥土,20,79,50940,1,1
3,665,25,66.543,34,2.0,1,E2,E2,no,Double Bass,橡木木板,10,80,51105,1,1
3,665,25,66.548,34,2.0,2,B4,B4,no,Harp/Piano,泥土,17,84,51109,1,1
3,665,25,66.547,34,2.0,3,D5,D5,no,Harp/Piano,泥土,20,84,51108,1,1
3,665,25,66.543,34,2.0,4,G5,G5,no,Chime,浮冰,1,94,51105,1,1
3,669,29,66.939,34,2.8,1,A5,A5,no,Chime,浮冰,3,94,51409,1,1
3,671,31,67.145,34,3.2,1,G3,G3,no,Harp/Piano,泥土,1,74,51567,1,1
3,671,31,67.135,34,3.2,2,B3,B3,no,Harp/Piano,泥土,5,76,51560,1,1
3,671,31,67.133,34,3.2,3,D4,D4,no,Harp/Piano,泥土,8,81,51558,1,1
3,671,31,67.135,34,3.2,4,F#5,F#5,no,Harp/Piano,泥土,24,90,51560,1,1
3,673,33,67.336,34,3.6,1,E5,E5,no,Harp/Piano,泥土,22,88,51714,1,1
3,675,35,67.544,34,4.0,1,D5,D5,no,Harp/Piano,泥土,20,88,51874,1,1
3,676,36,67.555,34,4.2,1,E3,E3,no,Double Bass,橡木木板,22,81,51882,1,1
3,677,37,67.737,34,4.4,1,E2,E2,no,Double Bass,橡木木板,10,74,52022,1,1
3,679,39,67.931,34,4.8,1,F#5,F#5,no,Harp/Piano,泥土,24,101,52171,1,1
3,681,41,68.142,35,1.2,1,F#2,F#2,no,Double Bass,橡木木板,12,84,52333,1,1
3,681,41,68.135,35,1.2,2,F#3,F#3,no,Harp/Piano,泥土,0,86,52328,1,1
3,681,41,68.143,35,1.2,3,B4,B4,no,Harp/Piano,泥土,17,92,52334,1,1
3,682,42,68.152,35,1.4,1,E4,E4,no,Harp/Piano,泥土,10,81,52341,1,1
3,682,42,68.151,35,1.4,2,G#4,G#4,no,Harp/Piano,泥土,14,87,52340,1,1
3,685,45,68.522,35,2.0,1,F#1,F#1,no,Double Bass,橡木木板,0,92,52625,1,1
3,687,47,68.707,35,2.4,1,F#2,F#2,no,Double Bass,橡木木板,12,83,52767,1,1
3,689,49,68.926,35,2.8,1,C#3,C#3,no,Double Bass,橡木木板,19,92,52935,1,1
3,689,49,68.934,35,2.8,2,A#4,A#4,no,Harp/Piano,泥土,16,91,52941,1,1
3,689,49,68.935,35,2.8,3,C#5,C#5,no,Harp/Piano,泥土,19,97,52942,1,1
3,689,49,68.935,35,2.8,4,F#5,F#5,no,Harp/Piano,泥土,24,78,52942,1,1
3,691,51,69.122,35,3.2,1,F#3,F#3,no,Harp/Piano,泥土,0,81,53086,1,1
3,693,53,69.342,35,3.6,1,A#3,A#3,no,Harp/Piano,泥土,4,88,53255,1,1
3,693,53,69.332,35,3.6,2,C#4,C#4,no,Harp/Piano,泥土,7,100,53247,1,1
3,693,53,69.336,35,3.6,3,F#4,F#4,no,Harp/Piano,泥土,12,88,53250,1,1
3,695,55,69.526,35,4.0,1,A5,A5,no,Chime,浮冰,3,101,53396,1,1
3,698,58,69.790,35,4.6,1,G1,G1,no,Double Bass,橡木木板,1,87,53599,1,1
3,698,58,69.790,35,4.6,2,G2,G2,no,Double Bass,橡木木板,13,92,53599,1,1
3,698,58,69.793,35,4.6,3,D5,D5,no,Harp/Piano,泥土,20,93,53601,1,1
3,698,58,69.788,35,4.6,4,F#5,F#5,no,Harp/Piano,泥土,24,96,53597,1,1
3,698,58,69.776,35,4.6,5,D6,D6,no,Chime,浮冰,8,105,53588,1,1
3,704,64,70.397,36,1.8,1,G3,G3,no,Harp/Piano,泥土,1,78,54065,1,1
3,706,66,70.605,36,2.2,1,B3,B3,no,Harp/Piano,泥土,5,85,54225,1,1
3,706,66,70.604,36,2.2,2,D4,D4,no,Harp/Piano,泥土,8,86,54224,1,1
3,706,66,70.605,36,2.2,3,F#4,F#4,no,Harp/Piano,泥土,12,91,54225,1,1
3,708,68,70.806,36,2.6,1,B4,B4,no,Harp/Piano,泥土,17,89,54379,1,1
3,708,68,70.801,36,2.6,2,D5,D5,no,Harp/Piano,泥土,20,87,54375,1,1
3,708,68,70.796,36,2.6,3,F#5,F#5,no,Harp/Piano,泥土,24,104,54371,1,1
3,710,70,71.033,36,3.0,1,A2,A2,no,Double Bass,橡木木板,15,56,54553,1,1
3,712,72,71.227,36,3.4,1,E4,E4,no,Harp/Piano,泥土,10,90,54702,1,1
3,712,72,71.229,36,3.4,2,F#4,F#4,no,Harp/Piano,泥土,12,86,54704,1,1
3,712,72,71.228,36,3.4,3,A#4,A#4,no,Harp/Piano,泥土,16,81,54703,1,1
3,712,72,71.214,36,3.4,4,E5,E5,no,Harp/Piano,泥土,22,100,54692,1,1
3,714,74,71.397,36,3.8,1,F#2,F#2,no,Double Bass,橡木木板,12,83,54833,1,1
3,716,76,71.630,36,4.2,1,E4,E4,no,Harp/Piano,泥土,10,82,55012,1,1
3,716,76,71.628,36,4.2,2,F#4,F#4,no,Harp/Piano,泥土,12,76,55010,1,1
3,716,76,71.632,36,4.2,3,A#4,A#4,no,Harp/Piano,泥土,16,76,55013,1,1
3,716,76,71.607,36,4.2,4,D5,D5,no,Harp/Piano,泥土,20,93,54994,1,1
3,718,78,71.807,36,4.6,1,F#3,F#3,no,Harp/Piano,泥土,0,75,55148,1,1
3,720,80,72.012,37,1.0,1,C#4,C#4,no,Harp/Piano,泥土,7,74,55305,1,1
3,721,81,72.116,37,1.2,1,D4,D4,no,Harp/Piano,泥土,8,84,55385,1,1
3,722,82,72.194,37,1.4,1,C#4,C#4,no,Harp/Piano,泥土,7,81,55445,1,1
3,724,84,72.401,37,1.8,1,B3,B3,no,Harp/Piano,泥土,5,84,55604,1,1
3,726,86,72.595,37,2.2,1,A#3,A#3,no,Harp/Piano,泥土,4,83,55753,1,1
3,728,88,72.792,37,2.6,1,F#3,F#3,no,Harp/Piano,泥土,0,77,55904,1,1
3,728,88,72.794,37,2.6,2,D5,D5,no,Harp/Piano,泥土,20,91,55906,1,1
3,730,90,73.025,37,3.0,1,B2,B2,no,Double Bass,橡木木板,17,70,56083,1,1
3,730,90,73.013,37,3.0,2,A3,A3,no,Harp/Piano,泥土,3,84,56074,1,1
3,730,90,73.022,37,3.0,3,F#4,F#4,no,Harp/Piano,泥土,12,84,56081,1,1
3,730,90,73.014,37,3.0,4,A4,A4,no,Harp/Piano,泥土,15,86,56075,1,1
3,730,90,73.017,37,3.0,5,E5,E5,no,Harp/Piano,泥土,22,89,56077,1,1
3,734,94,73.445,37,3.8,1,D5,D5,no,Harp/Piano,泥土,20,74,56406,1,1
3,736,96,73.618,37,4.2,1,F#3,F#3,no,Harp/Piano,泥土,0,77,56539,1,1
3,736,96,73.629,37,4.2,2,E5,E5,no,Harp/Piano,泥土,22,90,56547,1,1
3,738,98,73.826,37,4.6,1,A3,A3,no,Harp/Piano,泥土,3,71,56698,1,1
3,738,98,73.824,37,4.6,2,D4,D4,no,Harp/Piano,泥土,8,85,56697,1,1
3,740,100,74.029,38,1.0,1,F#5,F#5,no,Harp/Piano,泥土,24,105,56854,1,1
3,742,102,74.214,38,1.4,1,B2,B2,no,Double Bass,橡木木板,17,79,56996,1,1
3,744,104,74.426,38,1.8,1,A4,A4,no,Harp/Piano,泥土,15,88,57159,1,1
3,744,104,74.427,38,1.8,2,C5,C5,no,Harp/Piano,泥土,18,85,57160,1,1
3,744,104,74.424,38,1.8,3,G5,G5,no,Chime,浮冰,1,102,57158,1,1
3,746,106,74.609,38,2.2,1,A2,A2,no,Double Bass,橡木木板,15,86,57300,1,1
3,746,106,74.609,38,2.2,2,G3,G3,no,Harp/Piano,泥土,1,87,57300,1,1
3,748,108,74.835,38,2.6,1,A5,A5,no,Chime,浮冰,3,95,57473,1,1
3,750,110,75.018,38,3.0,1,E3,E3,no,Double Bass,橡木木板,22,83,57614,1,1
3,752,112,75.233,38,3.4,1,A4,A4,no,Harp/Piano,泥土,15,84,57779,1,1
3,752,112,75.225,38,3.4,2,C5,C5,no,Harp/Piano,泥土,18,82,57773,1,1
3,752,112,75.215,38,3.4,3,F#5,F#5,no,Harp/Piano,泥土,24,102,57765,1,1
3,754,114,75.400,38,3.8,1,D2,D2,no,Double Bass,橡木木板,8,80,57907,1,1
3,756,116,75.634,38,4.2,1,F#3,F#3,no,Harp/Piano,泥土,0,86,58087,1,1
3,756,116,75.632,38,4.2,2,C4,C4,no,Harp/Piano,泥土,6,84,58085,1,1
3,756,116,75.632,38,4.2,3,E5,E5,no,Harp/Piano,泥土,22,91,58085,1,1
3,760,120,75.995,39,1.0,1,D3,D3,no,Double Bass,橡木木板,20,74,58364,1,1
3,760,120,76.030,39,1.0,2,F#5,F#5,no,Harp/Piano,泥土,24,92,58391,1,1
3,761,121,76.143,39,1.2,1,E5,E5,no,Harp/Piano,泥土,22,73,58478,1,1
3,762,122,76.223,39,1.4,1,G#2,G#2,no,Double Bass,橡木木板,14,86,58539,1,1
3,762,122,76.232,39,1.4,2,B4,B4,no,Harp/Piano,泥土,17,82,58546,1,1
3,762,122,76.230,39,1.4,3,D5,D5,no,Harp/Piano,泥土,20,87,58545,1,1
3,768,128,76.831,39,2.6,1,G#2,G#2,no,Double Bass,橡木木板,14,77,59006,1,1
3,770,130,77.046,39,3.0,1,G2,G2,no,Double Bass,橡木木板,13,71,59171,1,1
3,770,130,77.043,39,3.0,2,A3,A3,no,Harp/Piano,泥土,3,73,59169,1,1
3,770,130,77.042,39,3.0,3,C#4,C#4,no,Harp/Piano,泥土,7,85,59168,1,1
3,770,130,77.035,39,3.0,4,E4,E4,no,Harp/Piano,泥土,10,88,59163,1,1
3,776,136,77.628,39,4.2,1,G2,G2,no,Double Bass,橡木木板,13,63,59618,1,1
3,778,138,77.848,39,4.6,1,F#4,F#4,no,Harp/Piano,泥土,12,88,59787,1,1
3,779,139,77.853,39,4.8,1,F#2,F#2,no,Double Bass,橡木木板,12,78,59791,1,1
3,779,139,77.857,39,4.8,2,A3,A3,no,Harp/Piano,泥土,3,77,59794,1,1
3,779,139,77.854,39,4.8,3,D4,D4,no,Harp/Piano,泥土,8,74,59792,1,1
3,785,145,78.466,40,2.0,1,F#2,F#2,no,Double Bass,橡木木板,12,75,60262,1,1
3,787,147,78.677,40,2.4,1,F2,F2,no,Double Bass,橡木木板,11,75,60424,1,1
3,787,147,78.690,40,2.4,2,A3,A3,no,Harp/Piano,泥土,3,66,60434,1,1
3,787,147,78.684,40,2.4,3,C4,C4,no,Harp/Piano,泥土,6,70,60429,1,1
3,787,147,78.686,40,2.4,4,D#4,D#4,no,Harp/Piano,泥土,9,80,60431,1,1
3,787,147,78.674,40,2.4,5,G4,G4,no,Harp/Piano,泥土,13,86,60422,1,1
3,793,153,79.276,40,3.6,1,F2,F2,no,Double Bass,橡木木板,11,71,60884,1,1
3,795,155,79.504,40,4.0,1,E2,E2,no,Double Bass,橡木木板,10,79,61059,1,1
3,795,155,79.510,40,4.0,2,B3,B3,no,Harp/Piano,泥土,5,71,61064,1,1
3,795,155,79.508,40,4.0,3,D4,D4,no,Harp/Piano,泥土,8,72,61062,1,1
3,795,155,79.496,40,4.0,4,F#4,F#4,no,Harp/Piano,泥土,12,84,61053,1,1
3,801,161,80.105,41,1.2,1,G3,G3,no,Harp/Piano,泥土,1,53,61521,1,1
3,801,161,80.090,41,1.2,2,B3,B3,no,Harp/Piano,泥土,5,55,61509,1,1
3,805,165,80.549,41,2.0,1,E3,E3,no,Double Bass,橡木木板,22,61,61862,1,1
3,807,167,80.743,41,2.4,1,G3,G3,no,Harp/Piano,泥土,1,68,62011,1,1
3,809,169,80.928,41,2.8,1,B3,B3,no,Harp/Piano,泥土,5,72,62153,1,1
3,809,169,80.934,41,2.8,2,A5,A5,no,Chime,浮冰,3,82,62157,1,1
3,811,171,81.128,41,3.2,1,E5,E5,no,Harp/Piano,泥土,22,61,62306,1,1
3,812,172,81.197,41,3.4,1,F#2,F#2,no,Double Bass,橡木木板,12,63,62359,1,1
3,812,172,81.191,41,3.4,2,F#3,F#3,no,Harp/Piano,泥土,0,67,62355,1,1
3,812,172,81.174,41,3.4,3,F#5,F#5,no,Harp/Piano,泥土,24,70,62342,1,1
3,812,172,81.194,41,3.4,4,A#5,A#5,no,Chime,浮冰,4,66,62357,1,1
3,812,172,81.182,41,3.4,5,D6,D6,no,Chime,浮冰,8,84,62348,1,1
3,820,180,82.044,42,1.0,1,C#6,C#6,no,Chime,浮冰,7,76,63010,1,1
3,821,181,82.081,42,1.2,1,C#4,C#4,no,Harp/Piano,泥土,7,50,63038,1,1
3,821,181,82.055,42,1.2,2,E4,E4,no,Harp/Piano,泥土,10,54,63018,1,1
3,821,181,82.073,42,1.2,3,C#5,C#5,no,Harp/Piano,泥土,19,62,63032,1,1
3,827,187,82.695,42,2.4,1,D5,D5,no,Harp/Piano,泥土,20,56,63510,1,1
3,827,187,82.694,42,2.4,2,F#5,F#5,no,Harp/Piano,泥土,24,70,63509,1,1
3,827,187,82.671,42,2.4,3,D6,D6,no,Chime,浮冰,8,86,63491,1,1
3,829,189,82.910,42,2.8,1,G2,G2,no,Double Bass,橡木木板,13,48,63675,1,1
3,829,189,82.910,42,2.8,2,B3,B3,no,Harp/Piano,泥土,5,50,63675,1,1
3,836,196,83.561,42,4.2,1,D4,D4,no,Harp/Piano,泥土,8,43,64175,1,1
3,836,196,83.564,42,4.2,2,F#4,F#4,no,Harp/Piano,泥土,12,46,64177,1,1
3,840,200,84.008,43,1.0,1,A4,A4,no,Harp/Piano,泥土,15,51,64518,1,1
3,842,202,84.182,43,1.4,1,G3,G3,no,Harp/Piano,泥土,1,44,64652,1,1
3,842,202,84.207,43,1.4,2,D5,D5,no,Harp/Piano,泥土,20,45,64671,1,1
3,844,204,84.393,43,1.8,1,B3,B3,no,Harp/Piano,泥土,5,49,64814,1,1
3,844,204,84.396,43,1.8,2,A5,A5,no,Chime,浮冰,3,64,64816,1,1
3,846,206,84.592,43,2.2,1,D4,D4,no,Harp/Piano,泥土,8,46,64967,1,1
3,846,206,84.596,43,2.2,2,F#4,F#4,no,Harp/Piano,泥土,12,45,64970,1,1
3,846,206,84.591,43,2.2,3,G5,G5,no,Chime,浮冰,1,71,64966,1,1
3,850,210,84.995,43,3.0,1,F#5,F#5,no,Harp/Piano,泥土,24,73,65276,1,1
3,852,212,85.203,43,3.4,1,D5,D5,no,Harp/Piano,泥土,20,64,65436,1,1
3,854,214,85.417,43,3.8,1,B3,B3,no,Harp/Piano,泥土,5,34,65600,1,1
3,854,214,85.415,43,3.8,2,D4,D4,no,Harp/Piano,泥土,8,44,65599,1,1
3,854,214,85.418,43,3.8,3,F#4,F#4,no,Harp/Piano,泥土,12,45,65601,1,1
3,856,216,85.603,43,4.2,1,A4,A4,no,Harp/Piano,泥土,15,61,65743,1,1
3,860,220,85.986,44,1.0,1,A4,A4,no,Harp/Piano,泥土,15,65,66037,1,1
3,862,222,86.234,44,1.4,1,A2,A2,no,Double Bass,橡木木板,15,53,66228,1,1
3,862,222,86.229,44,1.4,2,A3,A3,no,Harp/Piano,泥土,3,51,66224,1,1
3,862,222,86.234,44,1.4,3,B4,B4,no,Harp/Piano,泥土,17,55,66228,1,1
3,862,222,86.229,44,1.4,4,C#5,C#5,no,Harp/Piano,泥土,19,65,66224,1,1
3,862,222,86.204,44,1.4,5,E5,E5,no,Harp/Piano,泥土,22,67,66205,1,1
3,870,230,87.048,44,3.0,1,F#3,F#3,no,Harp/Piano,泥土,0,55,66853,1,1
3,871,231,87.057,44,3.2,1,A#2,A#2,no,Double Bass,橡木木板,16,51,66860,1,1
3,871,231,87.064,44,3.2,2,C#4,C#4,no,Harp/Piano,泥土,7,50,66865,1,1
3,873,233,87.255,44,3.6,1,C#5,C#5,no,Harp/Piano,泥土,19,73,67012,1,1
3,874,234,87.436,44,3.8,1,D5,D5,no,Harp/Piano,泥土,20,71,67151,1,1
3,876,236,87.630,44,4.2,1,E5,E5,no,Harp/Piano,泥土,22,71,67300,1,1
3,878,238,87.845,44,4.6,1,G5,G5,no,Chime,浮冰,1,83,67465,1,1
3,879,239,87.855,44,4.8,1,B2,B2,no,Double Bass,橡木木板,17,50,67473,1,1
3,879,239,87.855,44,4.8,2,D4,D4,no,Harp/Piano,泥土,8,58,67473,1,1
3,879,239,87.862,44,4.8,3,A4,A4,no,Harp/Piano,泥土,15,67,67478,1,1
3,879,239,87.857,44,4.8,4,D5,D5,no,Harp/Piano,泥土,20,63,67474,1,1
3,883,243,88.270,45,1.6,1,F#3,F#3,no,Harp/Piano,泥土,0,56,67791,1,1
3,885,245,88.484,45,2.0,1,A3,A3,no,Harp/Piano,泥土,3,64,67956,1,1
3,885,245,88.488,45,2.0,2,A4,A4,no,Harp/Piano,泥土,15,70,67959,1,1
3,885,245,88.480,45,2.0,3,F#5,F#5,no,Harp/Piano,泥土,24,84,67953,1,1
3,889,249,88.913,45,2.8,1,A2,A2,no,Double Bass,橡木木板,15,64,68285,1,1
3,889,249,88.921,45,2.8,2,G3,G3,no,Harp/Piano,泥土,1,62,68291,1,1
3,889,249,88.922,45,2.8,3,G4,G4,no,Harp/Piano,泥土,13,70,68292,1,1
3,889,249,88.913,45,2.8,4,C5,C5,no,Harp/Piano,泥土,18,70,68285,1,1
3,889,249,88.906,45,2.8,5,E5,E5,no,Harp/Piano,泥土,22,78,68280,1,1
3,893,253,89.312,45,3.6,1,F#5,F#5,no,Harp/Piano,泥土,24,81,68592,1,1
3,894,254,89.406,45,3.8,1,E5,E5,no,Harp/Piano,泥土,22,55,68664,1,1
3,895,255,89.509,45,4.0,1,G2,G2,no,Double Bass,橡木木板,13,51,68743,1,1
3,895,255,89.512,45,4.0,2,B3,B3,no,Harp/Piano,泥土,5,56,68745,1,1
3,895,255,89.533,45,4.0,3,F#4,F#4,no,Harp/Piano,泥土,12,45,68761,1,1
3,895,255,89.513,45,4.0,4,B4,B4,no,Harp/Piano,泥土,17,66,68746,1,1
3,895,255,89.514,45,4.0,5,D5,D5,no,Harp/Piano,泥土,20,70,68747,1,1
3,901,261,90.124,46,1.2,1,G3,G3,no,Harp/Piano,泥土,1,51,69215,1,1
3,903,263,90.346,46,1.6,1,B3,B3,no,Harp/Piano,泥土,5,55,69386,1,1
3,903,263,90.342,46,1.6,2,D4,D4,no,Harp/Piano,泥土,8,52,69383,1,1
3,905,265,90.531,46,2.0,1,E4,E4,no,Harp/Piano,泥土,10,69,69528,1,1
3,907,267,90.741,46,2.4,1,A4,A4,no,Harp/Piano,泥土,15,72,69689,1,1
3,909,269,90.923,46,2.8,1,D5,D5,no,Harp/Piano,泥土,20,71,69829,1,1
3,911,271,91.122,46,3.2,1,F#2,F#2,no,Double Bass,橡木木板,12,58,69982,1,1
3,911,271,91.145,46,3.2,2,A4,A4,no,Harp/Piano,泥土,15,57,69999,1,1
3,911,271,91.150,46,3.2,3,C#5,C#5,no,Harp/Piano,泥土,19,76,70003,1,1
3,911,271,91.134,46,3.2,4,E5,E5,no,Harp/Piano,泥土,22,74,69991,1,1
3,915,275,91.546,46,4.0,1,F#3,F#3,no,Harp/Piano,泥土,0,49,70307,1,1
3,918,278,91.755,46,4.6,1,A3,A3,no,Harp/Piano,泥土,3,63,70468,1,1
3,918,278,91.758,46,4.6,2,D4,D4,no,Harp/Piano,泥土,8,53,70470,1,1
3,918,278,91.760,46,4.6,3,C#5,C#5,no,Harp/Piano,泥土,19,78,70472,1,1
3,922,282,92.164,47,1.4,1,A3,A3,no,Harp/Piano,泥土,3,64,70782,1,1
3,924,284,92.378,47,1.8,1,D5,D5,no,Harp/Piano,泥土,20,75,70946,1,1
3,925,285,92.543,47,2.0,1,E3,E3,no,Double Bass,橡木木板,22,62,71073,1,1
3,927,287,92.703,47,2.4,1,A4,A4,no,Harp/Piano,泥土,15,57,71196,1,1
3,927,287,92.730,47,2.4,2,D5,D5,no,Harp/Piano,泥土,20,54,71217,1,1
3,928,288,92.794,47,2.6,1,F2,F2,no,Double Bass,橡木木板,11,59,71266,1,1
3,928,288,92.793,47,2.6,2,F3,F3,no,Double Bass,橡木木板,23,52,71265,1,1
3,928,288,92.775,47,2.6,3,A3,A3,no,Harp/Piano,泥土,3,50,71251,1,1
3,928,288,92.784,47,2.6,4,A5,A5,no,Chime,浮冰,3,80,71258,1,1
3,934,294,93.405,47,3.8,1,G5,G5,no,Chime,浮冰,1,79,71735,1,1
3,936,296,93.611,47,4.2,1,A3,A3,no,Harp/Piano,泥土,3,50,71893,1,1
3,936,296,93.603,47,4.2,2,C4,C4,no,Harp/Piano,泥土,6,58,71887,1,1
3,936,296,93.603,47,4.2,3,E4,E4,no,Harp/Piano,泥土,10,60,71887,1,1
3,940,300,94.017,48,1.0,1,G2,G2,no,Double Bass,橡木木板,13,56,72205,1,1
3,940,300,94.016,48,1.0,2,E5,E5,no,Harp/Piano,泥土,22,69,72204,1,1
3,942,302,94.208,48,1.4,1,G#2,G#2,no,Double Bass,橡木木板,14,64,72352,1,1
3,944,304,94.444,48,1.8,1,A4,A4,no,Harp/Piano,泥土,15,66,72533,1,1
3,945,305,94.464,48,2.0,1,A2,A2,no,Double Bass,橡木木板,15,54,72548,1,1
3,945,305,94.465,48,2.0,2,G3,G3,no,Harp/Piano,泥土,1,49,72549,1,1
3,945,305,94.461,48,2.0,3,D4,D4,no,Harp/Piano,泥土,8,52,72546,1,1
3,945,305,94.464,48,2.0,4,E4,E4,no,Harp/Piano,泥土,10,58,72548,1,1
3,951,311,95.094,48,3.2,1,G4,G4,no,Harp/Piano,泥土,13,65,73032,1,1
3,955,315,95.518,48,4.0,1,E3,E3,no,Double Bass,橡木木板,22,47,73358,1,1
3,957,317,95.728,48,4.4,1,E4,E4,no,Harp/Piano,泥土,10,64,73519,1,1
4,962,2,96.216,49,1.4,1,A1,A1,no,Double Bass,橡木木板,3,44,73894,1,1
4,962,2,96.216,49,1.4,2,A2,A2,no,Double Bass,橡木木板,15,51,73894,1,1
4,962,2,96.217,49,1.4,3,C#4,C#4,no,Harp/Piano,泥土,7,57,73895,1,1
4,984,24,98.445,50,1.8,1,E3,E3,no,Double Bass,橡木木板,22,45,75606,1,1
4,987,27,98.659,50,2.4,1,A3,A3,no,Harp/Piano,泥土,3,46,75770,1,1
4,989,29,98.852,50,2.8,1,E4,E4,no,Harp/Piano,泥土,10,61,75918,1,1
4,991,31,99.056,50,3.2,1,A4,A4,no,Harp/Piano,泥土,15,58,76075,1,1
4,992,32,99.243,50,3.4,1,E5,E5,no,Harp/Piano,泥土,22,56,76219,1,1
4,994,34,99.441,50,3.8,1,A5,A5,no,Chime,浮冰,3,77,76371,1,1
4,996,36,99.637,50,4.2,1,D4,D4,no,Harp/Piano,泥土,8,69,76521,1,1
4,999,39,99.855,50,4.8,1,D3,D3,no,Double Bass,橡木木板,20,50,76689,1,1
4,999,39,99.866,50,4.8,2,F#3,F#3,no,Harp/Piano,泥土,0,52,76697,1,1
4,999,39,99.867,50,4.8,3,A3,A3,no,Harp/Piano,泥土,3,57,76698,1,1
4,999,39,99.852,50,4.8,4,E4,E4,no,Harp/Piano,泥土,10,65,76686,1,1
4,1001,41,100.104,51,1.2,1,A4,A4,no,Harp/Piano,泥土,15,64,76880,1,1
4,1003,43,100.260,51,1.6,1,D4,D4,no,Harp/Piano,泥土,8,70,77000,1,1
4,1003,43,100.284,51,1.6,2,D5,D5,no,Harp/Piano,泥土,20,58,77018,1,1
4,1005,45,100.466,51,2.0,1,E4,E4,no,Harp/Piano,泥土,10,83,77158,1,1
4,1005,45,100.473,51,2.0,2,E5,E5,no,Harp/Piano,泥土,22,62,77163,1,1
4,1007,47,100.664,51,2.4,1,F#3,F#3,no,Harp/Piano,泥土,0,73,77310,1,1
4,1007,47,100.665,51,2.4,2,A3,A3,no,Harp/Piano,泥土,3,70,77311,1,1
4,1007,47,100.665,51,2.4,3,A5,A5,no,Chime,浮冰,3,74,77311,1,1
4,1009,49,100.874,51,2.8,1,D4,D4,no,Harp/Piano,泥土,8,74,77471,1,1
4,1009,49,100.854,51,2.8,2,E5,E5,no,Harp/Piano,泥土,22,57,77456,1,1
4,1011,51,101.082,51,3.2,1,A4,A4,no,Harp/Piano,泥土,15,62,77631,1,1
4,1013,53,101.275,51,3.6,1,E4,E4,no,Harp/Piano,泥土,10,77,77779,1,1
4,1015,55,101.470,51,4.0,1,F#3,F#3,no,Harp/Piano,泥土,0,63,77929,1,1
4,1015,55,101.474,51,4.0,2,A3,A3,no,Harp/Piano,泥土,3,57,77932,1,1
4,1017,57,101.672,51,4.4,1,D4,D4,no,Harp/Piano,泥土,8,72,78084,1,1
4,1017,57,101.674,51,4.4,2,A4,A4,no,Harp/Piano,泥土,15,69,78086,1,1
4,1019,59,101.876,51,4.8,1,D5,D5,no,Harp/Piano,泥土,20,59,78241,1,1
4,1021,61,102.061,52,1.2,1,E4,E4,no,Harp/Piano,泥土,10,84,78383,1,1
4,1021,61,102.065,52,1.2,2,E5,E5,no,Harp/Piano,泥土,22,61,78386,1,1
4,1023,63,102.267,52,1.6,1,F#3,F#3,no,Harp/Piano,泥土,0,68,78541,1,1
4,1023,63,102.273,52,1.6,2,A3,A3,no,Harp/Piano,泥土,3,61,78546,1,1
4,1023,63,102.264,52,1.6,3,A5,A5,no,Chime,浮冰,3,66,78539,1,1
4,1025,65,102.466,52,2.0,1,D4,D4,no,Harp/Piano,泥土,8,74,78694,1,1
4,1025,65,102.467,52,2.0,2,E5,E5,no,Harp/Piano,泥土,22,56,78695,1,1
4,1027,67,102.676,52,2.4,1,A4,A4,no,Harp/Piano,泥土,15,56,78855,1,1
4,1029,69,102.863,52,2.8,1,D4,D4,no,Harp/Piano,泥土,8,74,78999,1,1
4,1031,71,103.086,52,3.2,1,D3,D3,no,Double Bass,橡木木板,20,49,79170,1,1
4,1031,71,103.079,52,3.2,2,A3,A3,no,Harp/Piano,泥土,3,54,79165,1,1
4,1031,71,103.074,52,3.2,3,C#4,C#4,no,Harp/Piano,泥土,7,64,79161,1,1
4,1031,71,103.064,52,3.2,4,E4,E4,no,Harp/Piano,泥土,10,69,79153,1,1
4,1033,73,103.297,52,3.6,1,A4,A4,no,Harp/Piano,泥土,15,62,79332,1,1
4,1035,75,103.495,52,4.0,1,C#5,C#5,no,Harp/Piano,泥土,19,63,79484,1,1
4,1037,77,103.691,52,4.4,1,E5,E5,no,Harp/Piano,泥土,22,57,79635,1,1
4,1039,79,103.883,52,4.8,1,A3,A3,no,Harp/Piano,泥土,3,54,79782,1,1
4,1039,79,103.874,52,4.8,2,C#4,C#4,no,Harp/Piano,泥土,7,63,79775,1,1
4,1039,79,103.885,52,4.8,3,A5,A5,no,Chime,浮冰,3,63,79784,1,1
4,1041,81,104.073,53,1.2,1,D4,D4,no,Harp/Piano,泥土,8,71,79928,1,1
4,1041,81,104.062,53,1.2,2,E5,E5,no,Harp/Piano,泥土,22,56,79920,1,1
4,1043,83,104.264,53,1.6,1,C#4,C#4,no,Harp/Piano,泥土,7,67,80075,1,1
4,1043,83,104.299,53,1.6,2,A4,A4,no,Harp/Piano,泥土,15,57,80102,1,1
4,1045,85,104.462,53,2.0,1,A3,A3,no,Harp/Piano,泥土,3,66,80227,1,1
4,1047,87,104.693,53,2.4,1,C#4,C#4,no,Harp/Piano,泥土,7,50,80404,1,1
4,1047,87,104.689,53,2.4,2,E4,E4,no,Harp/Piano,泥土,10,56,80401,1,1
4,1049,89,104.897,53,2.8,1,A4,A4,no,Harp/Piano,泥土,15,53,80561,1,1
4,1051,91,105.104,53,3.2,1,C#5,C#5,no,Harp/Piano,泥土,19,62,80720,1,1
4,1053,93,105.312,53,3.6,1,E5,E5,no,Harp/Piano,泥土,22,51,80880,1,1
4,1055,95,105.517,53,4.0,1,C#4,C#4,no,Harp/Piano,泥土,7,55,81037,1,1
4,1055,95,105.516,53,4.0,2,E4,E4,no,Harp/Piano,泥土,10,56,81036,1,1
4,1055,95,105.513,53,4.0,3,A5,A5,no,Chime,浮冰,3,64,81034,1,1
4,1057,97,105.732,53,4.4,1,E5,E5,no,Harp/Piano,泥土,22,51,81202,1,1
4,1059,99,105.931,53,4.8,1,A4,A4,no,Harp/Piano,泥土,15,61,81355,1,1
4,1061,101,106.117,54,1.2,1,A3,A3,no,Harp/Piano,泥土,3,67,81498,1,1
4,1063,103,106.342,54,1.6,1,C3,C3,no,Double Bass,橡木木板,18,74,81671,1,1
4,1063,103,106.336,54,1.6,2,A3,A3,no,Harp/Piano,泥土,3,64,81666,1,1
4,1063,103,106.340,54,1.6,3,C4,C4,no,Harp/Piano,泥土,6,66,81669,1,1
4,1063,103,106.319,54,1.6,4,F#4,F#4,no,Harp/Piano,泥土,12,82,81653,1,1
4,1065,105,106.540,54,2.0,1,A4,A4,no,Harp/Piano,泥土,15,61,81823,1,1
4,1067,107,106.703,54,2.4,1,E4,E4,no,Harp/Piano,泥土,10,78,81948,1,1
4,1067,107,106.716,54,2.4,2,C5,C5,no,Harp/Piano,泥土,18,69,81958,1,1
4,1069,109,106.906,54,2.8,1,F#4,F#4,no,Harp/Piano,泥土,12,86,82104,1,1
4,1069,109,106.918,54,2.8,2,F#5,F#5,no,Harp/Piano,泥土,24,81,82113,1,1
4,1071,111,107.116,54,3.2,1,A3,A3,no,Harp/Piano,泥土,3,71,82265,1,1
4,1071,111,107.115,54,3.2,2,C4,C4,no,Harp/Piano,泥土,6,70,82264,1,1
4,1071,111,107.112,54,3.2,3,A5,A5,no,Chime,浮冰,3,78,82262,1,1
4,1073,113,107.306,54,3.6,1,E4,E4,no,Harp/Piano,泥土,10,84,82411,1,1
4,1073,113,107.299,54,3.6,2,F#5,F#5,no,Harp/Piano,泥土,24,68,82406,1,1
4,1075,115,107.525,54,4.0,1,C5,C5,no,Harp/Piano,泥土,18,65,82579,1,1
4,1077,117,107.707,54,4.4,1,F#4,F#4,no,Harp/Piano,泥土,12,85,82719,1,1
4,1079,119,107.904,54,4.8,1,B2,B2,no,Double Bass,橡木木板,17,70,82870,1,1
4,1079,119,107.905,54,4.8,2,F#3,F#3,no,Harp/Piano,泥土,0,74,82871,1,1
4,1079,119,107.905,54,4.8,3,A3,A3,no,Harp/Piano,泥土,3,65,82871,1,1
4,1081,121,108.148,55,1.2,1,E4,E4,no,Harp/Piano,泥土,10,63,83058,1,1
4,1081,121,108.117,55,1.2,2,A4,A4,no,Harp/Piano,泥土,15,70,83034,1,1
4,1083,123,108.302,55,1.6,1,B4,B4,no,Harp/Piano,泥土,17,70,83176,1,1
4,1085,125,108.514,55,2.0,1,F#4,F#4,no,Harp/Piano,泥土,12,79,83339,1,1
4,1085,125,108.512,55,2.0,2,F#5,F#5,no,Harp/Piano,泥土,24,84,83337,1,1
4,1087,127,108.707,55,2.4,1,A3,A3,no,Harp/Piano,泥土,3,73,83487,1,1
4,1087,127,108.704,55,2.4,2,B3,B3,no,Harp/Piano,泥土,5,74,83485,1,1
4,1087,127,108.704,55,2.4,3,A5,A5,no,Chime,浮冰,3,76,83485,1,1
4,1089,129,108.909,55,2.8,1,A4,A4,no,Harp/Piano,泥土,15,84,83642,1,1
4,1089,129,108.908,55,2.8,2,F#5,F#5,no,Harp/Piano,泥土,24,71,83641,1,1
4,1091,131,109.116,55,3.2,1,B4,B4,no,Harp/Piano,泥土,17,68,83801,1,1
4,1093,133,109.301,55,3.6,1,A4,A4,no,Harp/Piano,泥土,15,80,83943,1,1
4,1095,135,109.522,55,4.0,1,E3,E3,no,Double Bass,橡木木板,22,69,84113,1,1
4,1095,135,109.518,55,4.0,2,B3,B3,no,Harp/Piano,泥土,5,63,84110,1,1
4,1095,135,109.522,55,4.0,3,D4,D4,no,Harp/Piano,泥土,8,60,84113,1,1
4,1095,135,109.513,55,4.0,4,F#4,F#4,no,Harp/Piano,泥土,12,82,84106,1,1
4,1097,137,109.738,55,4.4,1,B4,B4,no,Harp/Piano,泥土,17,59,84279,1,1
4,1099,139,109.923,55,4.8,1,D5,D5,no,Harp/Piano,泥土,20,58,84421,1,1
4,1101,141,110.122,56,1.2,1,F#5,F#5,no,Harp/Piano,泥土,24,66,84574,1,1
4,1103,143,110.314,56,1.6,1,B3,B3,no,Harp/Piano,泥土,5,56,84721,1,1
4,1103,143,110.314,56,1.6,2,D4,D4,no,Harp/Piano,泥土,8,61,84721,1,1
4,1103,143,110.314,56,1.6,3,A5,A5,no,Chime,浮冰,3,68,84721,1,1
4,1105,145,110.514,56,2.0,1,E4,E4,no,Harp/Piano,泥土,10,72,84875,1,1
4,1105,145,110.492,56,2.0,2,F#5,F#5,no,Harp/Piano,泥土,24,60,84858,1,1
4,1107,147,110.706,56,2.4,1,E4,E4,no,Harp/Piano,泥土,10,61,85022,1,1
4,1107,147,110.706,56,2.4,2,B4,B4,no,Harp/Piano,泥土,17,63,85022,1,1
4,1109,149,110.896,56,2.8,1,D4,D4,no,Harp/Piano,泥土,8,62,85168,1,1
4,1111,151,111.126,56,3.2,1,G3,G3,no,Harp/Piano,泥土,1,55,85345,1,1
4,1111,151,111.129,56,3.2,2,B3,B3,no,Harp/Piano,泥土,5,44,85347,1,1
4,1113,153,111.309,56,3.6,1,B4,B4,no,Harp/Piano,泥土,17,51,85485,1,1
4,1115,155,111.526,56,4.0,1,D5,D5,no,Harp/Piano,泥土,20,50,85652,1,1
4,1117,157,111.714,56,4.4,1,F#5,F#5,no,Harp/Piano,泥土,24,61,85796,1,1
4,1119,159,111.914,56,4.8,1,G3,G3,no,Harp/Piano,泥土,1,52,85950,1,1
4,1119,159,111.913,56,4.8,2,B3,B3,no,Harp/Piano,泥土,5,52,85949,1,1
4,1119,159,111.913,56,4.8,3,G5,G5,no,Chime,浮冰,1,62,85949,1,1
4,1121,161,112.094,57,1.2,1,F#5,F#5,no,Harp/Piano,泥土,24,68,86088,1,1
4,1123,163,112.290,57,1.6,1,F#4,F#4,no,Harp/Piano,泥土,12,81,86239,1,1
4,1123,163,112.329,57,1.6,2,D5,D5,no,Harp/Piano,泥土,20,60,86269,1,1
4,1125,165,112.509,57,2.0,1,G4,G4,no,Harp/Piano,泥土,13,85,86407,1,1
4,1127,167,112.711,57,2.4,1,G2,G2,no,Double Bass,橡木木板,13,62,86562,1,1
4,1127,167,112.727,57,2.4,2,D3,D3,no,Double Bass,橡木木板,20,62,86574,1,1
4,1127,167,112.723,57,2.4,3,A#3,A#3,no,Harp/Piano,泥土,4,77,86571,1,1
4,1127,167,112.703,57,2.4,4,A4,A4,no,Harp/Piano,泥土,15,86,86556,1,1
4,1129,169,112.932,57,2.8,1,D5,D5,no,Harp/Piano,泥土,20,60,86732,1,1
4,1131,171,113.099,57,3.2,1,A4,A4,no,Harp/Piano,泥土,15,74,86860,1,1
4,1131,171,113.112,57,3.2,2,G5,G5,no,Chime,浮冰,1,72,86870,1,1
4,1133,173,113.307,57,3.6,1,A4,A4,no,Harp/Piano,泥土,15,78,87020,1,1
4,1133,173,113.306,57,3.6,2,A5,A5,no,Chime,浮冰,3,80,87019,1,1
4,1135,175,113.505,57,4.0,1,A#3,A#3,no,Harp/Piano,泥土,4,71,87172,1,1
4,1135,175,113.507,57,4.0,2,D4,D4,no,Harp/Piano,泥土,8,64,87173,1,1
4,1135,175,113.505,57,4.0,3,A4,A4,no,Harp/Piano,泥土,15,82,87172,1,1
4,1135,175,113.504,57,4.0,4,D6,D6,no,Chime,浮冰,8,87,87171,1,1
4,1137,177,113.712,57,4.4,1,A4,A4,no,Harp/Piano,泥土,15,81,87331,1,1
4,1137,177,113.706,57,4.4,2,A5,A5,no,Chime,浮冰,3,70,87326,1,1
4,1139,179,113.902,57,4.8,1,D5,D5,no,Harp/Piano,泥土,20,64,87477,1,1
4,1141,181,114.113,58,1.2,1,A4,A4,no,Harp/Piano,泥土,15,80,87639,1,1
4,1143,183,114.335,58,1.6,1,A#3,A#3,no,Harp/Piano,泥土,4,59,87809,1,1
4,1143,183,114.314,58,1.6,2,D4,D4,no,Harp/Piano,泥土,8,60,87793,1,1
4,1145,185,114.510,58,2.0,1,D5,D5,no,Harp/Piano,泥土,20,52,87944,1,1
4,1147,187,114.699,58,2.4,1,G5,G5,no,Chime,浮冰,1,67,88089,1,1
4,1149,189,114.908,58,2.8,1,A5,A5,no,Chime,浮冰,3,65,88249,1,1
4,1151,191,115.095,58,3.2,1,A#3,A#3,no,Harp/Piano,泥土,4,60,88393,1,1
4,1151,191,115.092,58,3.2,2,D4,D4,no,Harp/Piano,泥土,8,54,88391,1,1
4,1151,191,115.092,58,3.2,3,D6,D6,no,Chime,浮冰,8,73,88391,1,1
4,1153,193,115.298,58,3.6,1,A5,A5,no,Chime,浮冰,3,60,88549,1,1
4,1155,195,115.484,58,4.0,1,D5,D5,no,Harp/Piano,泥土,20,64,88692,1,1
4,1157,197,115.674,58,4.4,1,A4,A4,no,Harp/Piano,泥土,15,79,88838,1,1
4,1159,199,115.884,58,4.8,1,A2,A2,no,Double Bass,橡木木板,15,71,88999,1,1
4,1159,199,115.889,58,4.8,2,F#3,F#3,no,Harp/Piano,泥土,0,76,89003,1,1
4,1159,199,115.883,58,4.8,3,A3,A3,no,Harp/Piano,泥土,3,76,88998,1,1
4,1159,199,115.884,58,4.8,4,A4,A4,no,Harp/Piano,泥土,15,79,88999,1,1
4,1161,201,116.096,59,1.2,1,D5,D5,no,Harp/Piano,泥土,20,60,89162,1,1
4,1163,203,116.270,59,1.6,1,B4,B4,no,Harp/Piano,泥土,17,78,89295,1,1
4,1163,203,116.273,59,1.6,2,F#5,F#5,no,Harp/Piano,泥土,24,74,89298,1,1
4,1165,205,116.457,59,2.0,1,G4,G4,no,Harp/Piano,泥土,13,87,89439,1,1
4,1165,205,116.461,59,2.0,2,G5,G5,no,Chime,浮冰,1,77,89442,1,1
4,1167,207,116.655,59,2.4,1,A3,A3,no,Harp/Piano,泥土,3,79,89591,1,1
4,1167,207,116.655,59,2.4,2,D4,D4,no,Harp/Piano,泥土,8,63,89591,1,1
4,1167,207,116.655,59,2.4,3,D6,D6,no,Chime,浮冰,8,85,89591,1,1
4,1169,209,116.863,59,2.8,1,F#4,F#4,no,Harp/Piano,泥土,12,80,89751,1,1
4,1169,209,116.865,59,2.8,2,A5,A5,no,Chime,浮冰,3,70,89752,1,1
4,1171,211,117.074,59,3.2,1,D5,D5,no,Harp/Piano,泥土,20,59,89913,1,1
4,1173,213,117.292,59,3.6,1,F#4,F#4,no,Harp/Piano,泥土,12,46,90080,1,1
4,1175,215,117.477,59,4.0,1,B2,B2,no,Double Bass,橡木木板,17,55,90222,1,1
4,1175,215,117.473,59,4.0,2,F#3,F#3,no,Harp/Piano,泥土,0,64,90219,1,1
4,1175,215,117.474,59,4.0,3,A3,A3,no,Harp/Piano,泥土,3,67,90220,1,1
4,1175,215,117.473,59,4.0,4,D4,D4,no,Harp/Piano,泥土,8,72,90219,1,1
4,1177,217,117.702,59,4.4,1,A4,A4,no,Harp/Piano,泥土,15,63,90395,1,1
4,1179,219,117.895,59,4.8,1,D5,D5,no,Harp/Piano,泥土,20,64,90543,1,1
4,1181,221,118.066,60,1.2,1,F#5,F#5,no,Harp/Piano,泥土,24,70,90675,1,1
4,1183,223,118.276,60,1.6,1,F#3,F#3,no,Harp/Piano,泥土,0,60,90836,1,1
4,1183,223,118.276,60,1.6,2,A3,A3,no,Harp/Piano,泥土,3,60,90836,1,1
4,1183,223,118.279,60,1.6,3,G5,G5,no,Chime,浮冰,1,66,90838,1,1
4,1185,225,118.477,60,2.0,1,F#5,F#5,no,Harp/Piano,泥土,24,71,90990,1,1
4,1187,227,118.681,60,2.4,1,D5,D5,no,Harp/Piano,泥土,20,60,91147,1,1
4,1189,229,118.875,60,2.8,1,G4,G4,no,Harp/Piano,泥土,13,78,91296,1,1
4,1191,231,119.083,60,3.2,1,E2,E2,no,Double Bass,橡木木板,10,63,91456,1,1
4,1191,231,119.086,60,3.2,2,B2,B2,no,Double Bass,橡木木板,17,60,91458,1,1
4,1191,231,119.079,60,3.2,3,G3,G3,no,Harp/Piano,泥土,1,60,91453,1,1
4,1191,231,119.077,60,3.2,4,F#4,F#4,no,Harp/Piano,泥土,12,72,91451,1,1
4,1193,233,119.285,60,3.6,1,D4,D4,no,Harp/Piano,泥土,8,70,91611,1,1
4,1195,235,119.469,60,4.0,1,D4,D4,no,Harp/Piano,泥土,8,70,91752,1,1
4,1197,237,119.673,60,4.4,1,E5,E5,no,Harp/Piano,泥土,22,58,91909,1,1
4,1199,239,119.866,60,4.8,1,E3,E3,no,Double Bass,橡木木板,22,59,92057,1,1
4,1199,239,119.857,60,4.8,2,G3,G3,no,Harp/Piano,泥土,1,53,92050,1,1
4,1199,239,119.870,60,4.8,3,A5,A5,no,Chime,浮冰,3,64,92060,1,1
4,1201,241,120.074,61,1.2,1,D6,D6,no,Chime,浮冰,8,65,92217,1,1
4,1203,243,120.273,61,1.6,1,A6,A6,no,Chime,浮冰,15,73,92370,1,1
4,1205,245,120.461,61,2.0,1,D4,D4,no,Harp/Piano,泥土,8,65,92514,1,1
4,1207,247,120.724,61,2.4,1,A2,A2,no,Double Bass,橡木木板,15,53,92716,1,1
4,1207,247,120.723,61,2.4,2,E3,E3,no,Double Bass,橡木木板,22,47,92715,1,1
4,1207,247,120.724,61,2.4,3,G3,G3,no,Harp/Piano,泥土,1,43,92716,1,1
4,1207,247,120.689,61,2.4,4,D4,D4,no,Harp/Piano,泥土,8,73,92689,1,1
4,1216,256,121.564,61,4.2,1,C#4,C#4,no,Harp/Piano,泥土,7,75,93361,1,1
4,1222,262,122.184,62,1.4,1,D4,D4,no,Harp/Piano,泥土,8,70,93837,1,1
4,1224,264,122.413,62,1.8,1,D2,D2,no,Double Bass,橡木木板,8,57,94013,1,1
4,1224,264,122.410,62,1.8,2,D3,D3,no,Double Bass,橡木木板,20,58,94011,1,1
4,1224,264,122.427,62,1.8,3,G3,G3,no,Harp/Piano,泥土,1,55,94024,1,1
4,1224,264,122.413,62,1.8,4,A3,A3,no,Harp/Piano,泥土,3,57,94013,1,1
4,1224,264,122.389,62,1.8,5,D4,D4,no,Harp/Piano,泥土,8,60,93995,1,1
4,1231,271,123.062,62,3.2,1,A4,A4,no,Harp/Piano,泥土,15,54,94512,1,1
4,1233,273,123.266,62,3.6,1,G3,G3,no,Harp/Piano,泥土,1,48,94668,1,1
4,1233,273,123.268,62,3.6,2,A3,A3,no,Harp/Piano,泥土,3,50,94670,1,1
4,1233,273,123.264,62,3.6,3,A5,A5,no,Chime,浮冰,3,70,94667,1,1
4,1235,275,123.474,62,4.0,1,E5,E5,no,Harp/Piano,泥土,22,52,94828,1,1
4,1237,277,123.674,62,4.4,1,D5,D5,no,Harp/Piano,泥土,20,54,94982,1,1
4,1239,279,123.882,62,4.8,1,A4,A4,no,Harp/Piano,泥土,15,58,95141,1,1
4,1241,281,124.087,63,1.2,1,G3,G3,no,Harp/Piano,泥土,1,52,95299,1,1
4,1241,281,124.086,63,1.2,2,A3,A3,no,Harp/Piano,泥土,3,58,95298,1,1
4,1241,281,124.082,63,1.2,3,G5,G5,no,Chime,浮冰,1,76,95295,1,1
4,1243,283,124.305,63,1.6,1,E5,E5,no,Harp/Piano,泥土,22,48,95466,1,1
4,1245,285,124.495,63,2.0,1,D5,D5,no,Harp/Piano,泥土,20,54,95612,1,1
4,1247,287,124.672,63,2.4,1,A4,A4,no,Harp/Piano,泥土,15,57,95748,1,1
4,1249,289,124.875,63,2.8,1,G3,G3,no,Harp/Piano,泥土,1,67,95904,1,1
4,1249,289,124.878,63,2.8,2,A3,A3,no,Harp/Piano,泥土,3,61,95906,1,1
4,1249,289,124.875,63,2.8,3,E5,E5,no,Harp/Piano,泥土,22,70,95904,1,1
4,1251,291,125.091,63,3.2,1,E4,E4,no,Harp/Piano,泥土,10,85,96070,1,1
4,1251,291,125.094,63,3.2,2,D5,D5,no,Harp/Piano,泥土,20,59,96072,1,1
4,1253,293,125.285,63,3.6,1,A4,A4,no,Harp/Piano,泥土,15,63,96219,1,1
4,1255,295,125.484,63,4.0,1,D4,D4,no,Harp/Piano,泥土,8,77,96372,1,1
4,1255,295,125.487,63,4.0,2,G4,G4,no,Harp/Piano,泥土,13,72,96374,1,1
4,1257,297,125.716,63,4.4,1,D2,D2,no,Double Bass,橡木木板,8,69,96550,1,1
4,1257,297,125.708,63,4.4,2,D3,D3,no,Double Bass,橡木木板,20,75,96544,1,1
4,1257,297,125.715,63,4.4,3,F#4,F#4,no,Harp/Piano,泥土,12,68,96549,1,1
4,1257,297,125.694,63,4.4,4,F#5,F#5,no,Harp/Piano,泥土,24,94,96533,1,1
4,1259,299,125.904,63,4.8,1,D5,D5,no,Harp/Piano,泥土,20,78,96694,1,1
4,1261,301,126.117,64,1.2,1,A4,A4,no,Harp/Piano,泥土,15,72,96858,1,1
4,1263,303,126.273,64,1.6,1,D3,D3,no,Double Bass,橡木木板,20,67,96978,1,1
4,1263,303,126.314,64,1.6,2,G4,G4,no,Harp/Piano,泥土,13,77,97009,1,1
4,1265,305,126.497,64,2.0,1,D4,D4,no,Harp/Piano,泥土,8,89,97150,1,1
4,1265,305,126.495,64,2.0,2,F#4,F#4,no,Harp/Piano,泥土,12,88,97148,1,1
4,1267,307,126.698,64,2.4,1,A3,A3,no,Harp/Piano,泥土,3,81,97304,1,1
4,1269,309,126.896,64,2.8,1,D3,D3,no,Double Bass,橡木木板,20,77,97456,1,1
4,1269,309,126.897,64,2.8,2,E4,E4,no,Harp/Piano,泥土,10,96,97457,1,1
4,1270,310,126.967,64,3.0,1,F#4,F#4,no,Harp/Piano,泥土,12,82,97511,1,1
4,1271,311,127.052,64,3.2,1,G4,G4,no,Harp/Piano,泥土,13,87,97576,1,1
4,1271,311,127.103,64,3.2,2,A4,A4,no,Harp/Piano,泥土,15,78,97615,1,1
4,1273,313,127.273,64,3.6,1,F#2,F#2,no,Double Bass,橡木木板,12,94,97746,1,1
4,1273,313,127.284,64,3.6,2,E4,E4,no,Harp/Piano,泥土,10,90,97754,1,1
4,1273,313,127.281,64,3.6,3,G#4,G#4,no,Harp/Piano,泥土,14,95,97752,1,1
4,1273,313,127.277,64,3.6,4,B4,B4,no,Harp/Piano,泥土,17,99,97749,1,1
4,1277,317,127.685,64,4.4,1,F#3,F#3,no,Harp/Piano,泥土,0,88,98062,1,1
4,1279,319,127.874,64,4.8,1,B3,B3,no,Harp/Piano,泥土,5,78,98207,1,1
4,1279,319,127.874,64,4.8,2,F#5,F#5,no,Harp/Piano,泥土,24,101,98207,1,1
5,1281,1,128.053,65,1.2,1,C#4,C#4,no,Harp/Piano,泥土,7,89,98345,1,1
5,1281,1,128.055,65,1.2,2,E4,E4,no,Harp/Piano,泥土,10,88,98346,1,1
5,1281,1,128.061,65,1.2,3,G5,G5,no,Chime,浮冰,1,98,98351,1,1
5,1283,3,128.259,65,1.6,1,F#2,F#2,no,Double Bass,橡木木板,12,97,98503,1,1
5,1283,3,128.280,65,1.6,2,A#4,A#4,no,Harp/Piano,泥土,16,90,98519,1,1
5,1283,3,128.275,65,1.6,3,C#5,C#5,no,Harp/Piano,泥土,19,95,98515,1,1
5,1283,3,128.273,65,1.6,4,F#5,F#5,no,Harp/Piano,泥土,24,99,98514,1,1
5,1285,5,128.452,65,2.0,1,G5,G5,no,Chime,浮冰,1,96,98651,1,1
5,1287,7,128.652,65,2.4,1,A5,A5,no,Chime,浮冰,3,102,98805,1,1
5,1289,9,128.889,65,2.8,1,G1,G1,no,Double Bass,橡木木板,1,91,98987,1,1
5,1289,9,128.888,65,2.8,2,G2,G2,no,Double Bass,橡木木板,13,92,98986,1,1
5,1289,9,128.892,65,2.8,3,D5,D5,no,Harp/Piano,泥土,20,95,98989,1,1
5,1289,9,128.887,65,2.8,4,F#5,F#5,no,Harp/Piano,泥土,24,99,98985,1,1
5,1289,9,128.876,65,2.8,5,D6,D6,no,Chime,浮冰,8,107,98977,1,1
5,1295,15,129.478,65,4.0,1,G3,G3,no,Harp/Piano,泥土,1,75,99439,1,1
5,1297,17,129.704,65,4.4,1,B3,B3,no,Harp/Piano,泥土,5,88,99613,1,1
5,1297,17,129.702,65,4.4,2,D4,D4,no,Harp/Piano,泥土,8,86,99611,1,1
5,1297,17,129.703,65,4.4,3,F#4,F#4,no,Harp/Piano,泥土,12,94,99612,1,1
5,1299,19,129.913,65,4.8,1,B4,B4,no,Harp/Piano,泥土,17,84,99773,1,1
5,1299,19,129.905,65,4.8,2,D5,D5,no,Harp/Piano,泥土,20,86,99767,1,1
5,1299,19,129.897,65,4.8,3,F#5,F#5,no,Harp/Piano,泥土,24,101,99761,1,1
5,1301,21,130.082,66,1.2,1,G2,G2,no,Double Bass,橡木木板,13,81,99903,1,1
5,1303,23,130.312,66,1.6,1,F#4,F#4,no,Harp/Piano,泥土,12,91,100080,1,1
5,1303,23,130.311,66,1.6,2,A#4,A#4,no,Harp/Piano,泥土,16,92,100079,1,1
5,1303,23,130.306,66,1.6,3,E5,E5,no,Harp/Piano,泥土,22,98,100075,1,1
5,1305,25,130.482,66,2.0,1,F#2,F#2,no,Double Bass,橡木木板,12,89,100210,1,1
5,1307,27,130.706,66,2.4,1,F#4,F#4,no,Harp/Piano,泥土,12,91,100382,1,1
5,1307,27,130.742,66,2.4,2,B4,B4,no,Harp/Piano,泥土,17,49,100410,1,1
5,1307,27,130.704,66,2.4,3,D5,D5,no,Harp/Piano,泥土,20,90,100381,1,1
5,1309,29,130.910,66,2.8,1,F#3,F#3,no,Harp/Piano,泥土,0,80,100539,1,1
5,1311,31,131.109,66,3.2,1,A#3,A#3,no,Harp/Piano,泥土,4,80,100692,1,1
5,1311,31,131.107,66,3.2,2,C#4,C#4,no,Harp/Piano,泥土,7,84,100690,1,1
5,1311,31,131.105,66,3.2,3,E4,E4,no,Harp/Piano,泥土,10,95,100689,1,1
5,1315,35,131.499,66,4.0,1,D4,D4,no,Harp/Piano,泥土,8,79,100991,1,1
5,1317,37,131.704,66,4.4,1,F#2,F#2,no,Double Bass,橡木木板,12,76,101149,1,1
5,1319,39,131.906,66,4.8,1,E5,E5,no,Harp/Piano,泥土,22,91,101304,1,1
5,1321,41,132.124,67,1.2,1,B2,B2,no,Double Bass,橡木木板,17,74,101471,1,1
5,1321,41,132.124,67,1.2,2,F#3,F#3,no,Harp/Piano,泥土,0,81,101471,1,1
5,1321,41,132.118,67,1.2,3,A3,A3,no,Harp/Piano,泥土,3,83,101467,1,1
5,1321,41,132.125,67,1.2,4,A4,A4,no,Harp/Piano,泥土,15,75,101472,1,1
5,1321,41,132.125,67,1.2,5,D5,D5,no,Harp/Piano,泥土,20,77,101472,1,1
5,1321,41,132.113,67,1.2,6,F#5,F#5,no,Harp/Piano,泥土,24,100,101463,1,1
5,1325,45,132.509,67,2.0,1,E5,E5,no,Harp/Piano,泥土,22,83,101767,1,1
5,1327,47,132.711,67,2.4,1,F#3,F#3,no,Harp/Piano,泥土,0,81,101922,1,1
5,1327,47,132.714,67,2.4,2,G5,G5,no,Chime,浮冰,1,95,101924,1,1
5,1329,49,132.914,67,2.8,1,A3,A3,no,Harp/Piano,泥土,3,87,102078,1,1
5,1329,49,132.915,67,2.8,2,D4,D4,no,Harp/Piano,泥土,8,86,102079,1,1
5,1333,53,133.319,67,3.6,1,B2,B2,no,Double Bass,橡木木板,17,79,102389,1,1
5,1333,53,133.326,67,3.6,2,F#5,F#5,no,Harp/Piano,泥土,24,97,102394,1,1
5,1335,55,133.514,67,4.0,1,F#3,F#3,no,Harp/Piano,泥土,0,78,102539,1,1
5,1335,55,133.517,67,4.0,2,F#5,F#5,no,Harp/Piano,泥土,24,103,102541,1,1
5,1337,57,133.733,67,4.4,1,A2,A2,no,Double Bass,橡木木板,15,80,102707,1,1
5,1337,57,133.728,67,4.4,2,E3,E3,no,Double Bass,橡木木板,22,81,102703,1,1
5,1337,57,133.728,67,4.4,3,G3,G3,no,Harp/Piano,泥土,1,87,102703,1,1
5,1337,57,133.727,67,4.4,4,G4,G4,no,Harp/Piano,泥土,13,86,102702,1,1
5,1337,57,133.728,67,4.4,5,C5,C5,no,Harp/Piano,泥土,18,83,102703,1,1
5,1341,61,134.115,68,1.2,1,E3,E3,no,Double Bass,橡木木板,22,75,103000,1,1
5,1343,63,134.335,68,1.6,1,A2,A2,no,Double Bass,橡木木板,15,78,103169,1,1
5,1343,63,134.314,68,1.6,2,G4,G4,no,Harp/Piano,泥土,13,90,103153,1,1
5,1343,63,134.309,68,1.6,3,C5,C5,no,Harp/Piano,泥土,18,92,103149,1,1
5,1345,65,134.499,68,2.0,1,D2,D2,no,Double Bass,橡木木板,8,83,103295,1,1
5,1347,67,134.732,68,2.4,1,F#3,F#3,no,Harp/Piano,泥土,0,78,103474,1,1
5,1347,67,134.720,68,2.4,2,C4,C4,no,Harp/Piano,泥土,6,87,103465,1,1
5,1347,67,134.715,68,2.4,3,E4,E4,no,Harp/Piano,泥土,10,89,103461,1,1
5,1347,67,134.714,68,2.4,4,F#4,F#4,no,Harp/Piano,泥土,12,88,103460,1,1
5,1351,71,135.115,68,3.2,1,D3,D3,no,Double Bass,橡木木板,20,75,103768,1,1
5,1351,71,135.126,68,3.2,2,D5,D5,no,Harp/Piano,泥土,20,86,103777,1,1
5,1353,73,135.333,68,3.6,1,G2,G2,no,Double Bass,橡木木板,13,84,103936,1,1
5,1353,73,135.337,68,3.6,2,D5,D5,no,Harp/Piano,泥土,20,89,103939,1,1
5,1353,73,135.341,68,3.6,3,F#5,F#5,no,Harp/Piano,泥土,24,91,103942,1,1
5,1353,73,135.328,68,3.6,4,B5,B5,no,Chime,浮冰,5,102,103932,1,1
5,1357,77,135.729,68,4.4,1,D3,D3,no,Double Bass,橡木木板,20,78,104240,1,1
5,1359,79,135.932,68,4.8,1,B3,B3,no,Harp/Piano,泥土,5,81,104396,1,1
5,1361,81,136.137,69,1.2,1,F#2,F#2,no,Double Bass,橡木木板,12,89,104553,1,1
5,1361,81,136.146,69,1.2,2,E5,E5,no,Harp/Piano,泥土,22,82,104560,1,1
5,1361,81,136.143,69,1.2,3,F#5,F#5,no,Harp/Piano,泥土,24,92,104558,1,1
5,1361,81,136.145,69,1.2,4,A#5,A#5,no,Chime,浮冰,4,80,104559,1,1
5,1361,81,136.133,69,1.2,5,C#6,C#6,no,Chime,浮冰,7,100,104550,1,1
5,1365,85,136.513,69,2.0,1,C#3,C#3,no,Double Bass,橡木木板,19,85,104842,1,1
5,1367,87,136.715,69,2.4,1,A#3,A#3,no,Harp/Piano,泥土,4,79,104997,1,1
5,1368,88,136.753,69,2.6,1,B5,B5,no,Chime,浮冰,5,80,105026,1,1
5,1368,88,136.805,69,2.6,2,C#6,C#6,no,Chime,浮冰,7,78,105066,1,1
5,1369,89,136.926,69,2.8,1,B2,B2,no,Double Bass,橡木木板,17,83,105159,1,1
5,1369,89,136.924,69,2.8,2,A3,A3,no,Harp/Piano,泥土,3,90,105158,1,1
5,1369,89,136.915,69,2.8,3,D5,D5,no,Harp/Piano,泥土,20,88,105151,1,1
5,1369,89,136.913,69,2.8,4,F#5,F#5,no,Harp/Piano,泥土,24,94,105149,1,1
5,1369,89,136.902,69,2.8,5,D6,D6,no,Chime,浮冰,8,100,105141,1,1
5,1373,93,137.319,69,3.6,1,F#3,F#3,no,Harp/Piano,泥土,0,79,105461,1,1
5,1373,93,137.322,69,3.6,2,F#5,F#5,no,Harp/Piano,泥土,24,97,105463,1,1
5,1375,95,137.504,69,4.0,1,A3,A3,no,Harp/Piano,泥土,3,76,105603,1,1
5,1375,95,137.523,69,4.0,2,E5,E5,no,Harp/Piano,泥土,22,100,105618,1,1
5,1377,97,137.701,69,4.4,1,D#2,D#2,no,Double Bass,橡木木板,9,83,105754,1,1
5,1377,97,137.701,69,4.4,2,D#3,D#3,no,Double Bass,橡木木板,21,89,105754,1,1
5,1379,99,137.941,69,4.8,1,A3,A3,no,Harp/Piano,泥土,3,74,105939,1,1
5,1379,99,137.932,69,4.8,2,B3,B3,no,Harp/Piano,泥土,5,77,105932,1,1
5,1379,99,137.914,69,4.8,3,D#4,D#4,no,Harp/Piano,泥土,9,82,105918,1,1
5,1379,99,137.905,69,4.8,4,G4,G4,no,Harp/Piano,泥土,13,90,105911,1,1
5,1379,99,137.913,69,4.8,5,B4,B4,no,Harp/Piano,泥土,17,80,105917,1,1
5,1379,99,137.904,69,4.8,6,D5,D5,no,Harp/Piano,泥土,20,92,105910,1,1
5,1383,103,138.316,70,1.6,1,D5,D5,no,Harp/Piano,泥土,20,90,106227,1,1
5,1385,105,138.516,70,2.0,1,E2,E2,no,Double Bass,橡木木板,10,83,106380,1,1
5,1385,105,138.523,70,2.0,2,E3,E3,no,Double Bass,橡木木板,22,91,106386,1,1
5,1385,105,138.527,70,2.0,3,B4,B4,no,Harp/Piano,泥土,17,91,106389,1,1
5,1385,105,138.526,70,2.0,4,D5,D5,no,Harp/Piano,泥土,20,90,106388,1,1
5,1385,105,138.521,70,2.0,5,G5,G5,no,Chime,浮冰,1,97,106384,1,1
5,1389,109,138.901,70,2.8,1,A5,A5,no,Chime,浮冰,3,97,106676,1,1
5,1391,111,139.112,70,3.2,1,G3,G3,no,Harp/Piano,泥土,1,79,106838,1,1
5,1391,111,139.103,70,3.2,2,B3,B3,no,Harp/Piano,泥土,5,82,106831,1,1
5,1391,111,139.095,70,3.2,3,D4,D4,no,Harp/Piano,泥土,8,82,106825,1,1
5,1391,111,139.102,70,3.2,4,F#5,F#5,no,Harp/Piano,泥土,24,93,106830,1,1
5,1393,113,139.306,70,3.6,1,E5,E5,no,Harp/Piano,泥土,22,93,106987,1,1
5,1395,115,139.509,70,4.0,1,E3,E3,no,Double Bass,橡木木板,22,90,107143,1,1
5,1395,115,139.512,70,4.0,2,D5,D5,no,Harp/Piano,泥土,20,85,107145,1,1
5,1397,117,139.693,70,4.4,1,E2,E2,no,Double Bass,橡木木板,10,84,107284,1,1
5,1399,119,139.891,70,4.8,1,F#5,F#5,no,Harp/Piano,泥土,24,103,107436,1,1
5,1401,121,140.099,71,1.2,1,F#2,F#2,no,Double Bass,橡木木板,12,92,107596,1,1
5,1401,121,140.103,71,1.2,2,F#3,F#3,no,Harp/Piano,泥土,0,97,107599,1,1
5,1401,121,140.103,71,1.2,3,G#4,G#4,no,Harp/Piano,泥土,14,92,107599,1,1
5,1401,121,140.102,71,1.2,4,B4,B4,no,Harp/Piano,泥土,17,92,107598,1,1
5,1405,125,140.492,71,2.0,1,F#2,F#2,no,Double Bass,橡木木板,12,85,107898,1,1
5,1405,125,140.512,71,2.0,2,F#4,F#4,no,Harp/Piano,泥土,12,88,107913,1,1
5,1406,126,140.603,71,2.2,1,B4,B4,no,Harp/Piano,泥土,17,77,107983,1,1
5,1407,127,140.684,71,2.4,1,F#1,F#1,no,Double Bass,橡木木板,0,93,108045,1,1
5,1407,127,140.652,71,2.4,2,C#5,C#5,no,Harp/Piano,泥土,19,92,108021,1,1
5,1408,128,140.766,71,2.6,1,F#5,F#5,no,Harp/Piano,泥土,24,83,108108,1,1
5,1408,128,140.827,71,2.6,2,B5,B5,no,Chime,浮冰,5,85,108155,1,1
5,1409,129,140.875,71,2.8,1,C#6,C#6,no,Chime,浮冰,7,91,108192,1,1
5,1411,131,141.085,71,3.2,1,A#3,A#3,no,Harp/Piano,泥土,4,86,108353,1,1
5,1411,131,141.083,71,3.2,2,C#4,C#4,no,Harp/Piano,泥土,7,86,108352,1,1
5,1411,131,141.076,71,3.2,3,F#4,F#4,no,Harp/Piano,泥土,12,89,108346,1,1
5,1411,131,141.078,71,3.2,4,F#6,F#6,no,Chime,浮冰,12,96,108348,1,1
5,1411,131,141.083,71,3.2,5,F#7,F#7,no,Chime,浮冰,24,98,108352,1,1
5,1414,134,141.448,71,3.8,1,A5,A5,no,Chime,浮冰,3,99,108632,1,1
5,1415,135,141.456,71,4.0,1,F#1,F#1,no,Double Bass,橡木木板,0,73,108638,1,1
5,1415,135,141.453,71,4.0,2,F#2,F#2,no,Double Bass,橡木木板,12,85,108636,1,1
5,1416,136,141.600,71,4.2,1,F#2,F#2,no,Double Bass,橡木木板,12,38,108749,1,1
5,1417,137,141.689,71,4.4,1,G1,G1,no,Double Bass,橡木木板,1,90,108817,1,1
5,1417,137,141.685,71,4.4,2,G2,G2,no,Double Bass,橡木木板,13,96,108814,1,1
5,1417,137,141.680,71,4.4,3,D5,D5,no,Harp/Piano,泥土,20,95,108810,1,1
5,1417,137,141.676,71,4.4,4,F#5,F#5,no,Harp/Piano,泥土,24,96,108807,1,1
5,1417,137,141.665,71,4.4,5,D6,D6,no,Chime,浮冰,8,107,108799,1,1
5,1423,143,142.292,72,1.6,1,G3,G3,no,Harp/Piano,泥土,1,79,109280,1,1
5,1425,145,142.499,72,2.0,1,B3,B3,no,Harp/Piano,泥土,5,85,109439,1,1
5,1425,145,142.496,72,2.0,2,D4,D4,no,Harp/Piano,泥土,8,84,109437,1,1
5,1425,145,142.496,72,2.0,3,F#4,F#4,no,Harp/Piano,泥土,12,90,109437,1,1
5,1427,147,142.689,72,2.4,1,B4,B4,no,Harp/Piano,泥土,17,88,109585,1,1
5,1427,147,142.693,72,2.4,2,D5,D5,no,Harp/Piano,泥土,20,86,109588,1,1
5,1427,147,142.680,72,2.4,3,F#5,F#5,no,Harp/Piano,泥土,24,104,109578,1,1
5,1429,149,142.868,72,2.8,1,G2,G2,no,Double Bass,橡木木板,13,84,109723,1,1
5,1431,151,143.091,72,3.2,1,F#4,F#4,no,Harp/Piano,泥土,12,91,109894,1,1
5,1431,151,143.091,72,3.2,2,A#4,A#4,no,Harp/Piano,泥土,16,91,109894,1,1
5,1431,151,143.086,72,3.2,3,E5,E5,no,Harp/Piano,泥土,22,98,109890,1,1
5,1433,153,143.260,72,3.6,1,F#2,F#2,no,Double Bass,橡木木板,12,89,110024,1,1
5,1435,155,143.495,72,4.0,1,F#4,F#4,no,Harp/Piano,泥土,12,83,110204,1,1
5,1435,155,143.495,72,4.0,2,A#4,A#4,no,Harp/Piano,泥土,16,90,110204,1,1
5,1435,155,143.486,72,4.0,3,D5,D5,no,Harp/Piano,泥土,20,91,110197,1,1
5,1437,157,143.684,72,4.4,1,C#3,C#3,no,Double Bass,橡木木板,19,81,110349,1,1
5,1439,159,143.891,72,4.8,1,A#3,A#3,no,Harp/Piano,泥土,4,85,110508,1,1
5,1439,159,143.904,72,4.8,2,E4,E4,no,Harp/Piano,泥土,10,82,110518,1,1
5,1441,161,144.090,73,1.2,1,F#3,F#3,no,Harp/Piano,泥土,0,97,110661,1,1
5,1443,163,144.296,73,1.6,1,F3,F3,no,Double Bass,橡木木板,23,88,110819,1,1
5,1443,163,144.296,73,1.6,2,D4,D4,no,Harp/Piano,泥土,8,83,110819,1,1
5,1445,165,144.491,73,2.0,1,E3,E3,no,Double Bass,橡木木板,22,84,110969,1,1
5,1447,167,144.694,73,2.4,1,C#3,C#3,no,Double Bass,橡木木板,19,73,111125,1,1
5,1447,167,144.695,73,2.4,2,D5,D5,no,Harp/Piano,泥土,20,89,111126,1,1
5,1449,169,144.913,73,2.8,1,B2,B2,no,Double Bass,橡木木板,17,75,111293,1,1
5,1449,169,144.908,73,2.8,2,F#3,F#3,no,Harp/Piano,泥土,0,84,111289,1,1
5,1449,169,144.906,73,2.8,3,A3,A3,no,Harp/Piano,泥土,3,85,111288,1,1
5,1449,169,144.913,73,2.8,4,F#4,F#4,no,Harp/Piano,泥土,12,94,111293,1,1
5,1449,169,144.909,73,2.8,5,A4,A4,no,Harp/Piano,泥土,15,86,111290,1,1
5,1449,169,144.906,73,2.8,6,E5,E5,no,Harp/Piano,泥土,22,94,111288,1,1
5,1453,173,145.315,73,3.6,1,D5,D5,no,Harp/Piano,泥土,20,83,111602,1,1
5,1455,175,145.503,73,4.0,1,F#3,F#3,no,Harp/Piano,泥土,0,65,111746,1,1
5,1455,175,145.504,73,4.0,2,E5,E5,no,Harp/Piano,泥土,22,93,111747,1,1
5,1457,177,145.707,73,4.4,1,A3,A3,no,Harp/Piano,泥土,3,74,111903,1,1
5,1457,177,145.708,73,4.4,2,D4,D4,no,Harp/Piano,泥土,8,86,111904,1,1
5,1459,179,145.902,73,4.8,1,B2,B2,no,Double Bass,橡木木板,17,92,112053,1,1
5,1459,179,145.904,73,4.8,2,F#5,F#5,no,Harp/Piano,泥土,24,102,112054,1,1
5,1461,181,146.104,74,1.2,1,A#2,A#2,no,Double Bass,橡木木板,16,89,112208,1,1
5,1463,183,146.324,74,1.6,1,A2,A2,no,Double Bass,橡木木板,15,82,112377,1,1
5,1463,183,146.319,74,1.6,2,E3,E3,no,Double Bass,橡木木板,22,83,112373,1,1
5,1463,183,146.324,74,1.6,3,A4,A4,no,Harp/Piano,泥土,15,85,112377,1,1
5,1463,183,146.324,74,1.6,4,C5,C5,no,Harp/Piano,泥土,18,83,112377,1,1
5,1463,183,146.312,74,1.6,5,G5,G5,no,Chime,浮冰,1,98,112368,1,1
5,1467,187,146.695,74,2.4,1,E3,E3,no,Double Bass,橡木木板,22,77,112662,1,1
5,1467,187,146.724,74,2.4,2,A5,A5,no,Chime,浮冰,3,93,112684,1,1
5,1469,189,146.905,74,2.8,1,G3,G3,no,Harp/Piano,泥土,1,75,112823,1,1
5,1469,189,146.909,74,2.8,2,C4,C4,no,Harp/Piano,泥土,6,79,112826,1,1
5,1471,191,147.120,74,3.2,1,D2,D2,no,Double Bass,橡木木板,8,91,112988,1,1
5,1471,191,147.128,74,3.2,2,A4,A4,no,Harp/Piano,泥土,15,86,112994,1,1
5,1471,191,147.124,74,3.2,3,C5,C5,no,Harp/Piano,泥土,18,83,112991,1,1
5,1471,191,147.116,74,3.2,4,F#5,F#5,no,Harp/Piano,泥土,24,103,112985,1,1
5,1475,195,147.520,74,4.0,1,D3,D3,no,Double Bass,橡木木板,20,79,113295,1,1
5,1475,195,147.518,74,4.0,2,E5,E5,no,Harp/Piano,泥土,22,94,113294,1,1
5,1477,197,147.719,74,4.4,1,F#3,F#3,no,Harp/Piano,泥土,0,84,113448,1,1
5,1477,197,147.721,74,4.4,2,C4,C4,no,Harp/Piano,泥土,6,71,113450,1,1
5,1479,199,147.939,74,4.8,1,F#5,F#5,no,Harp/Piano,泥土,24,85,113617,1,1
5,1480,200,148.043,75,1.0,1,E5,E5,no,Harp/Piano,泥土,22,69,113697,1,1
5,1481,201,148.113,75,1.2,1,G#2,G#2,no,Double Bass,橡木木板,14,86,113751,1,1
5,1481,201,148.126,75,1.2,2,B4,B4,no,Harp/Piano,泥土,17,82,113761,1,1
5,1481,201,148.124,75,1.2,3,D5,D5,no,Harp/Piano,泥土,20,85,113759,1,1
5,1484,204,148.362,75,1.8,1,D3,D3,no,Double Bass,橡木木板,20,65,113942,1,1
5,1485,205,148.542,75,2.0,1,F#3,F#3,no,Harp/Piano,泥土,0,67,114080,1,1
5,1487,207,148.729,75,2.4,1,B3,B3,no,Harp/Piano,泥土,5,65,114224,1,1
5,1489,209,148.947,75,2.8,1,G2,G2,no,Double Bass,橡木木板,13,65,114391,1,1
5,1489,209,148.949,75,2.8,2,A3,A3,no,Harp/Piano,泥土,3,68,114393,1,1
5,1489,209,148.938,75,2.8,3,C#4,C#4,no,Harp/Piano,泥土,7,83,114384,1,1
5,1489,209,148.934,75,2.8,4,E4,E4,no,Harp/Piano,泥土,10,88,114381,1,1
5,1492,212,149.151,75,3.4,1,E3,E3,no,Double Bass,橡木木板,22,72,114548,1,1
5,1493,213,149.342,75,3.6,1,A3,A3,no,Harp/Piano,泥土,3,68,114695,1,1
5,1495,215,149.534,75,4.0,1,C#4,C#4,no,Harp/Piano,泥土,7,70,114842,1,1
5,1497,217,149.745,75,4.4,1,F#2,F#2,no,Double Bass,橡木木板,12,74,115004,1,1
5,1497,217,149.747,75,4.4,2,A3,A3,no,Harp/Piano,泥土,3,80,115006,1,1
5,1497,217,149.746,75,4.4,3,D4,D4,no,Harp/Piano,泥土,8,76,115005,1,1
5,1497,217,149.742,75,4.4,4,F#4,F#4,no,Harp/Piano,泥土,12,83,115002,1,1
5,1500,220,149.965,76,1.0,1,D3,D3,no,Double Bass,橡木木板,20,74,115173,1,1
5,1501,221,150.148,76,1.2,1,A3,A3,no,Harp/Piano,泥土,3,78,115314,1,1
5,1503,223,150.335,76,1.6,1,D4,D4,no,Harp/Piano,泥土,8,67,115457,1,1
5,1505,225,150.544,76,2.0,1,F2,F2,no,Double Bass,橡木木板,11,75,115618,1,1
5,1505,225,150.549,76,2.0,2,C4,C4,no,Harp/Piano,泥土,6,72,115622,1,1
5,1505,225,150.540,76,2.0,3,G4,G4,no,Harp/Piano,泥土,13,90,115615,1,1
5,1506,226,150.556,76,2.2,1,A3,A3,no,Harp/Piano,泥土,3,72,115627,1,1
5,1506,226,150.553,76,2.2,2,D#4,D#4,no,Harp/Piano,泥土,9,84,115625,1,1
5,1508,228,150.764,76,2.6,1,D#3,D#3,no,Double Bass,橡木木板,21,69,115787,1,1
5,1509,229,150.938,76,2.8,1,G3,G3,no,Harp/Piano,泥土,1,66,115920,1,1
5,1512,232,151.151,76,3.4,1,A3,A3,no,Harp/Piano,泥土,3,74,116084,1,1
5,1514,234,151.355,76,3.8,1,E2,E2,no,Double Bass,橡木木板,10,79,116241,1,1
5,1514,234,151.366,76,3.8,2,B3,B3,no,Harp/Piano,泥土,5,74,116249,1,1
5,1514,234,151.363,76,3.8,3,D4,D4,no,Harp/Piano,泥土,8,74,116247,1,1
5,1514,234,151.358,76,3.8,4,F#4,F#4,no,Harp/Piano,泥土,12,86,116243,1,1
5,1518,238,151.755,76,4.6,1,E3,E3,no,Double Bass,橡木木板,22,68,116548,1,1
5,1520,240,151.991,77,1.0,1,G3,G3,no,Harp/Piano,泥土,1,71,116729,1,1
5,1520,240,151.984,77,1.0,2,B3,B3,no,Harp/Piano,泥土,5,74,116724,1,1
5,1520,240,151.982,77,1.0,3,D4,D4,no,Harp/Piano,泥土,8,78,116722,1,1
5,1524,244,152.396,77,1.8,1,E3,E3,no,Double Bass,橡木木板,22,59,117040,1,1
5,1524,244,152.398,77,1.8,2,B3,B3,no,Harp/Piano,泥土,5,96,117042,1,1
5,1526,246,152.603,77,2.2,1,G3,G3,no,Harp/Piano,泥土,1,86,117199,1,1
5,1526,246,152.595,77,2.2,2,A4,A4,no,Harp/Piano,泥土,15,95,117193,1,1
5,1526,246,152.594,77,2.2,3,A5,A5,no,Chime,浮冰,3,104,117192,1,1
5,1528,248,152.770,77,2.6,1,E3,E3,no,Double Bass,橡木木板,22,60,117327,1,1
5,1530,250,153.012,77,3.0,1,F#2,F#2,no,Double Bass,橡木木板,12,96,117513,1,1
5,1530,250,153.013,77,3.0,2,F#3,F#3,no,Harp/Piano,泥土,0,100,117514,1,1
5,1530,250,153.014,77,3.0,3,F#5,F#5,no,Harp/Piano,泥土,24,102,117515,1,1
5,1530,250,153.021,77,3.0,4,A#5,A#5,no,Chime,浮冰,4,92,117520,1,1
5,1530,250,153.010,77,3.0,5,F#6,F#6,no,Chime,浮冰,12,105,117512,1,1
5,1532,252,153.242,77,3.4,1,E3,E3,no,Double Bass,橡木木板,22,76,117690,1,1
5,1533,253,153.302,77,3.6,1,F#5,F#5,no,Harp/Piano,泥土,24,89,117736,1,1
5,1533,253,153.303,77,3.6,2,A#5,A#5,no,Chime,浮冰,4,85,117737,1,1
5,1534,254,153.424,77,3.8,1,F#3,F#3,no,Harp/Piano,泥土,0,76,117830,1,1
5,1534,254,153.448,77,3.8,2,F#5,F#5,no,Harp/Piano,泥土,24,86,117848,1,1
5,1534,254,153.385,77,3.8,3,F#6,F#6,no,Chime,浮冰,12,85,117800,1,1
5,1535,255,153.460,77,4.0,1,A#5,A#5,no,Chime,浮冰,4,70,117857,1,1
5,1535,255,153.507,77,4.0,2,F#6,F#6,no,Chime,浮冰,12,92,117893,1,1
5,1536,256,153.622,77,4.2,1,A#3,A#3,no,Harp/Piano,泥土,4,82,117982,1,1
5,1536,256,153.572,77,4.2,2,F#5,F#5,no,Harp/Piano,泥土,24,82,117943,1,1
5,1536,256,153.573,77,4.2,3,A#5,A#5,no,Chime,浮冰,4,84,117944,1,1
5,1536,256,153.628,77,4.2,4,F#6,F#6,no,Chime,浮冰,12,93,117986,1,1
5,1537,257,153.714,77,4.4,1,F#5,F#5,no,Harp/Piano,泥土,24,88,118052,1,1
5,1537,257,153.714,77,4.4,2,A#5,A#5,no,Chime,浮冰,4,83,118052,1,1
5,1538,258,153.827,77,4.6,1,C#4,C#4,no,Harp/Piano,泥土,7,89,118139,1,1
5,1538,258,153.829,77,4.6,2,E4,E4,no,Harp/Piano,泥土,10,95,118141,1,1
5,1538,258,153.835,77,4.6,3,F#5,F#5,no,Harp/Piano,泥土,24,91,118145,1,1
5,1538,258,153.840,77,4.6,4,A#5,A#5,no,Chime,浮冰,4,82,118149,1,1
5,1538,258,153.753,77,4.6,5,F#6,F#6,no,Chime,浮冰,12,74,118082,1,1
5,1539,259,153.914,77,4.8,1,E6,E6,no,Chime,浮冰,10,95,118206,1,1
5,1540,260,153.991,78,1.0,1,A#3,A#3,no,Harp/Piano,泥土,4,86,118265,1,1
5,1540,260,153.986,78,1.0,2,F#5,F#5,no,Harp/Piano,泥土,24,86,118261,1,1
5,1541,261,154.126,78,1.2,1,F#5,F#5,no,Harp/Piano,泥土,24,83,118369,1,1
5,1541,261,154.066,78,1.2,2,E6,E6,no,Chime,浮冰,10,81,118323,1,1
5,1542,262,154.232,78,1.4,1,F#2,F#2,no,Double Bass,橡木木板,12,86,118450,1,1
5,1542,262,154.228,78,1.4,2,F#3,F#3,no,Harp/Piano,泥土,0,89,118447,1,1
5,1542,262,154.190,78,1.4,3,E6,E6,no,Chime,浮冰,10,92,118418,1,1
5,1544,264,154.424,78,1.8,1,D5,D5,no,Harp/Piano,泥土,20,93,118598,1,1
5,1544,264,154.421,78,1.8,2,D6,D6,no,Chime,浮冰,8,104,118595,1,1
5,1547,267,154.684,78,2.4,1,G2,G2,no,Double Bass,橡木木板,13,88,118797,1,1
5,1547,267,154.685,78,2.4,2,G3,G3,no,Harp/Piano,泥土,1,91,118798,1,1
5,1547,267,154.686,78,2.4,3,D5,D5,no,Harp/Piano,泥土,20,90,118799,1,1
5,1547,267,154.686,78,2.4,4,F#5,F#5,no,Harp/Piano,泥土,24,94,118799,1,1
5,1547,267,154.676,78,2.4,5,D6,D6,no,Chime,浮冰,8,103,118791,1,1
5,1551,271,155.125,78,3.2,1,G3,G3,no,Harp/Piano,泥土,1,52,119136,1,1
5,1553,273,155.323,78,3.6,1,B3,B3,no,Harp/Piano,泥土,5,75,119288,1,1
5,1555,275,155.535,78,4.0,1,D4,D4,no,Harp/Piano,泥土,8,80,119451,1,1
5,1555,275,155.535,78,4.0,2,F#4,F#4,no,Harp/Piano,泥土,12,86,119451,1,1
5,1560,280,155.951,79,1.0,1,A4,A4,no,Harp/Piano,泥土,15,80,119770,1,1
5,1561,281,156.148,79,1.2,1,G2,G2,no,Double Bass,橡木木板,13,75,119922,1,1
5,1564,284,156.362,79,1.8,1,D3,D3,no,Double Bass,橡木木板,20,70,120086,1,1
5,1564,284,156.361,79,1.8,2,D4,D4,no,Harp/Piano,泥土,8,75,120085,1,1
5,1564,284,156.365,79,1.8,3,F#4,F#4,no,Harp/Piano,泥土,12,75,120088,1,1
5,1564,284,156.354,79,1.8,4,A4,A4,no,Harp/Piano,泥土,15,87,120080,1,1
5,1566,286,156.564,79,2.2,1,G3,G3,no,Harp/Piano,泥土,1,73,120241,1,1
5,1568,288,156.763,79,2.6,1,A3,A3,no,Harp/Piano,泥土,3,77,120394,1,1
5,1568,288,156.760,79,2.6,2,F#5,F#5,no,Harp/Piano,泥土,24,94,120392,1,1
5,1569,289,156.949,79,2.8,1,B3,B3,no,Harp/Piano,泥土,5,82,120537,1,1
5,1572,292,157.165,79,3.4,1,A3,A3,no,Harp/Piano,泥土,3,82,120703,1,1
5,1572,292,157.177,79,3.4,2,F#4,F#4,no,Harp/Piano,泥土,12,71,120712,1,1
5,1572,292,157.171,79,3.4,3,A4,A4,no,Harp/Piano,泥土,15,84,120707,1,1
5,1572,292,157.173,79,3.4,4,E5,E5,no,Harp/Piano,泥土,22,78,120709,1,1
5,1574,294,157.353,79,3.8,1,B3,B3,no,Harp/Piano,泥土,5,73,120847,1,1
5,1576,296,157.559,79,4.2,1,C#4,C#4,no,Harp/Piano,泥土,7,88,121005,1,1
5,1576,296,157.562,79,4.2,2,E5,E5,no,Harp/Piano,泥土,22,93,121008,1,1
5,1577,297,157.745,79,4.4,1,D4,D4,no,Harp/Piano,泥土,8,73,121148,1,1
5,1580,300,158.000,80,1.0,1,F#2,F#2,no,Double Bass,橡木木板,12,78,121344,1,1
5,1580,300,158.003,80,1.0,2,E3,E3,no,Double Bass,橡木木板,22,78,121346,1,1
5,1580,300,158.013,80,1.0,3,E4,E4,no,Harp/Piano,泥土,10,78,121354,1,1
5,1580,300,158.012,80,1.0,4,G#4,G#4,no,Harp/Piano,泥土,14,85,121353,1,1
5,1580,300,158.005,80,1.0,5,B4,B4,no,Harp/Piano,泥土,17,87,121348,1,1
5,1584,304,158.414,80,1.8,1,G#3,G#3,no,Harp/Piano,泥土,2,68,121662,1,1
5,1586,306,158.616,80,2.2,1,B3,B3,no,Harp/Piano,泥土,5,70,121817,1,1
5,1588,308,158.820,80,2.6,1,E4,E4,no,Harp/Piano,泥土,10,87,121974,1,1
5,1588,308,158.824,80,2.6,2,G#4,G#4,no,Harp/Piano,泥土,14,84,121977,1,1
5,1588,308,158.822,80,2.6,3,B4,B4,no,Harp/Piano,泥土,17,83,121975,1,1
5,1592,312,159.227,80,3.4,1,G#4,G#4,no,Harp/Piano,泥土,14,95,122286,1,1
5,1594,314,159.414,80,3.8,1,F#2,F#2,no,Double Bass,橡木木板,12,79,122430,1,1
5,1596,316,159.646,80,4.2,1,C#3,C#3,no,Double Bass,橡木木板,19,80,122608,1,1
5,1596,316,159.646,80,4.2,2,E4,E4,no,Harp/Piano,泥土,10,84,122608,1,1
5,1596,316,159.647,80,4.2,3,F#4,F#4,no,Harp/Piano,泥土,12,82,122609,1,1
5,1596,316,159.643,80,4.2,4,A#4,A#4,no,Harp/Piano,泥土,16,92,122606,1,1
5,1598,318,159.818,80,4.6,1,E3,E3,no,Double Bass,橡木木板,22,78,122740,1,1
6,1600,0,160.025,81,1.0,1,F#3,F#3,no,Harp/Piano,泥土,0,78,122899,1,1
6,1600,0,160.026,81,1.0,2,G5,G5,no,Chime,浮冰,1,98,122900,1,1
6,1602,2,160.219,81,1.4,1,B3,B3,no,Harp/Piano,泥土,5,84,123048,1,1
6,1604,4,160.430,81,1.8,1,A#3,A#3,no,Harp/Piano,泥土,4,93,123210,1,1
6,1604,4,160.434,81,1.8,2,F#4,F#4,no,Harp/Piano,泥土,12,87,123213,1,1
6,1604,4,160.434,81,1.8,3,A#4,A#4,no,Harp/Piano,泥土,16,87,123213,1,1
6,1604,4,160.424,81,1.8,4,F#5,F#5,no,Harp/Piano,泥土,24,98,123206,1,1
6,1606,6,160.607,81,2.2,1,C#4,C#4,no,Harp/Piano,泥土,7,79,123346,1,1
6,1608,8,160.818,81,2.6,1,D4,D4,no,Harp/Piano,泥土,8,83,123508,1,1
6,1608,8,160.819,81,2.6,2,F#5,F#5,no,Harp/Piano,泥土,24,99,123509,1,1
6,1610,10,161.000,81,3.0,1,E4,E4,no,Harp/Piano,泥土,10,86,123648,1,1
6,1613,13,161.264,81,3.6,1,A2,A2,no,Double Bass,橡木木板,15,76,123851,1,1
6,1613,13,161.262,81,3.6,2,E3,E3,no,Double Bass,橡木木板,22,75,123849,1,1
6,1613,13,161.253,81,3.6,3,G3,G3,no,Harp/Piano,泥土,1,80,123842,1,1
6,1613,13,161.255,81,3.6,4,F#4,F#4,no,Harp/Piano,泥土,12,77,123844,1,1
6,1613,13,161.254,81,3.6,5,C5,C5,no,Harp/Piano,泥土,18,86,123843,1,1
6,1616,16,161.647,81,4.2,1,E3,E3,no,Double Bass,橡木木板,22,72,124145,1,1
6,1618,18,161.822,81,4.6,1,G3,G3,no,Harp/Piano,泥土,1,71,124279,1,1
6,1620,20,162.048,82,1.0,1,C4,C4,no,Harp/Piano,泥土,6,83,124453,1,1
6,1620,20,162.049,82,1.0,2,E4,E4,no,Harp/Piano,泥土,10,84,124454,1,1
6,1620,20,162.044,82,1.0,3,C5,C5,no,Harp/Piano,泥土,18,93,124450,1,1
6,1621,21,162.052,82,1.2,1,F#4,F#4,no,Harp/Piano,泥土,12,83,124456,1,1
6,1623,23,162.263,82,1.6,1,D2,D2,no,Double Bass,橡木木板,8,72,124618,1,1
6,1623,23,162.255,82,1.6,2,E2,E2,no,Double Bass,橡木木板,10,77,124612,1,1
6,1625,25,162.454,82,2.0,1,D#2,D#2,no,Double Bass,橡木木板,9,77,124765,1,1
6,1625,25,162.467,82,2.0,2,G4,G4,no,Harp/Piano,泥土,13,68,124775,1,1
6,1625,25,162.454,82,2.0,3,D5,D5,no,Harp/Piano,泥土,20,96,124765,1,1
6,1626,26,162.635,82,2.2,1,D2,D2,no,Double Bass,橡木木板,8,92,124904,1,1
6,1629,29,162.866,82,2.8,1,F#4,F#4,no,Harp/Piano,泥土,12,88,125081,1,1
6,1629,29,162.865,82,2.8,2,C5,C5,no,Harp/Piano,泥土,18,93,125080,1,1
6,1629,29,162.861,82,2.8,3,D5,D5,no,Harp/Piano,泥土,20,95,125077,1,1
6,1631,31,163.059,82,3.2,1,D4,D4,no,Harp/Piano,泥土,8,78,125229,1,1
6,1633,33,163.263,82,3.6,1,A3,A3,no,Harp/Piano,泥土,3,90,125386,1,1
6,1633,33,163.264,82,3.6,2,A4,A4,no,Harp/Piano,泥土,15,93,125387,1,1
6,1633,33,163.267,82,3.6,3,D5,D5,no,Harp/Piano,泥土,20,77,125389,1,1
6,1633,33,163.262,82,3.6,4,F#5,F#5,no,Harp/Piano,泥土,24,92,125385,1,1
6,1633,33,163.255,82,3.6,5,A5,A5,no,Chime,浮冰,3,101,125380,1,1
6,1634,34,163.448,82,3.8,1,D3,D3,no,Double Bass,橡木木板,20,85,125528,1,1
6,1637,37,163.665,82,4.4,1,D2,D2,no,Double Bass,橡木木板,8,90,125695,1,1
6,1637,37,163.665,82,4.4,2,D3,D3,no,Double Bass,橡木木板,20,89,125695,1,1
6,1640,40,163.966,83,1.0,1,E2,E2,no,Double Bass,橡木木板,10,86,125926,1,1
6,1640,40,163.966,83,1.0,2,E3,E3,no,Double Bass,橡木木板,22,91,125926,1,1
6,1641,41,164.104,83,1.2,1,B4,B4,no,Harp/Piano,泥土,17,92,126032,1,1
6,1641,41,164.104,83,1.2,2,D5,D5,no,Harp/Piano,泥土,20,91,126032,1,1
6,1641,41,164.104,83,1.2,3,F#5,F#5,no,Harp/Piano,泥土,24,94,126032,1,1
6,1641,41,164.100,83,1.2,4,B5,B5,no,Chime,浮冰,5,100,126029,1,1
6,1643,43,164.258,83,1.6,1,F#2,F#2,no,Double Bass,橡木木板,12,91,126150,1,1
6,1643,43,164.259,83,1.6,2,F#3,F#3,no,Harp/Piano,泥土,0,90,126151,1,1
6,1645,45,164.504,83,2.0,1,G2,G2,no,Double Bass,橡木木板,13,97,126339,1,1
6,1645,45,164.504,83,2.0,2,G3,G3,no,Harp/Piano,泥土,1,101,126339,1,1
6,1649,49,164.924,83,2.8,1,D5,D5,no,Harp/Piano,泥土,20,95,126662,1,1
6,1649,49,164.921,83,2.8,2,F#5,F#5,no,Harp/Piano,泥土,24,97,126659,1,1
6,1649,49,164.913,83,2.8,3,D6,D6,no,Chime,浮冰,8,108,126653,1,1
6,1651,51,165.092,83,3.2,1,G3,G3,no,Harp/Piano,泥土,1,77,126791,1,1
6,1653,53,165.307,83,3.6,1,D4,D4,no,Harp/Piano,泥土,8,86,126956,1,1
6,1653,53,165.311,83,3.6,2,F#4,F#4,no,Harp/Piano,泥土,12,100,126959,1,1
6,1655,55,165.514,83,4.0,1,B3,B3,no,Harp/Piano,泥土,5,76,127115,1,1
6,1656,56,165.625,83,4.2,1,F#3,F#3,no,Harp/Piano,泥土,0,46,127200,1,1
6,1657,57,165.727,83,4.4,1,G3,G3,no,Harp/Piano,泥土,1,90,127278,1,1
6,1657,57,165.732,83,4.4,2,D5,D5,no,Harp/Piano,泥土,20,94,127282,1,1
6,1657,57,165.728,83,4.4,3,F#5,F#5,no,Harp/Piano,泥土,24,96,127279,1,1
6,1657,57,165.721,83,4.4,4,D6,D6,no,Chime,浮冰,8,102,127274,1,1
6,1659,59,165.906,83,4.8,1,D3,D3,no,Double Bass,橡木木板,20,77,127416,1,1
6,1661,61,166.133,84,1.2,1,F#2,F#2,no,Double Bass,橡木木板,12,87,127590,1,1
6,1661,61,166.125,84,1.2,2,F#3,F#3,no,Harp/Piano,泥土,0,96,127584,1,1
6,1661,61,166.117,84,1.2,3,E5,E5,no,Harp/Piano,泥土,22,90,127578,1,1
6,1661,61,166.134,84,1.2,4,F#5,F#5,no,Harp/Piano,泥土,24,72,127591,1,1
6,1661,61,166.111,84,1.2,5,C#6,C#6,no,Chime,浮冰,7,101,127573,1,1
6,1662,62,166.242,84,1.4,1,A#5,A#5,no,Chime,浮冰,4,85,127674,1,1
6,1663,63,166.319,84,1.6,1,C#3,C#3,no,Double Bass,橡木木板,19,77,127733,1,1
6,1663,63,166.333,84,1.6,2,G5,G5,no,Chime,浮冰,1,88,127744,1,1
6,1664,64,166.421,84,1.8,1,F#5,F#5,no,Harp/Piano,泥土,24,87,127811,1,1
6,1665,65,166.516,84,2.0,1,F#3,F#3,no,Harp/Piano,泥土,0,81,127884,1,1
6,1665,65,166.529,84,2.0,2,E5,E5,no,Harp/Piano,泥土,22,92,127894,1,1
6,1666,66,166.626,84,2.2,1,B5,B5,no,Chime,浮冰,5,90,127969,1,1
6,1667,67,166.698,84,2.4,1,A#3,A#3,no,Harp/Piano,泥土,4,83,128024,1,1
6,1667,67,166.698,84,2.4,2,C#6,C#6,no,Chime,浮冰,7,91,128024,1,1
6,1668,68,166.820,84,2.6,1,E6,E6,no,Chime,浮冰,10,95,128118,1,1
6,1669,69,166.902,84,2.8,1,C#4,C#4,no,Harp/Piano,泥土,7,90,128181,1,1
6,1669,69,166.895,84,2.8,2,G4,G4,no,Harp/Piano,泥土,13,92,128175,1,1
6,1669,69,166.892,84,2.8,3,E7,E7,no,Chime,浮冰,22,100,128173,1,1
6,1670,70,166.997,84,3.0,1,C#7,C#7,no,Chime,浮冰,19,90,128254,1,1
6,1671,71,167.094,84,3.2,1,A#3,A#3,no,Harp/Piano,泥土,4,84,128328,1,1
6,1671,71,167.095,84,3.2,2,A#6,A#6,no,Chime,浮冰,16,90,128329,1,1
6,1672,72,167.176,84,3.4,1,G6,G6,no,Chime,浮冰,13,89,128391,1,1
6,1673,73,167.275,84,3.6,1,F#3,F#3,no,Harp/Piano,泥土,0,90,128467,1,1
6,1673,73,167.279,84,3.6,2,F#6,F#6,no,Chime,浮冰,12,99,128470,1,1
6,1674,74,167.363,84,3.8,1,F6,F6,no,Chime,浮冰,11,82,128535,1,1
6,1675,75,167.456,84,4.0,1,F#2,F#2,no,Double Bass,橡木木板,12,80,128606,1,1
6,1675,75,167.457,84,4.0,2,E6,E6,no,Chime,浮冰,10,96,128607,1,1
6,1677,77,167.734,84,4.4,1,B2,B2,no,Double Bass,橡木木板,17,79,128820,1,1
6,1677,77,167.736,84,4.4,2,F#3,F#3,no,Harp/Piano,泥土,0,82,128821,1,1
6,1677,77,167.737,84,4.4,3,A3,A3,no,Harp/Piano,泥土,3,79,128822,1,1
6,1677,77,167.723,84,4.4,4,D5,D5,no,Harp/Piano,泥土,20,89,128811,1,1
6,1677,77,167.723,84,4.4,5,F#5,F#5,no,Harp/Piano,泥土,24,96,128811,1,1
6,1677,77,167.725,84,4.4,6,A5,A5,no,Chime,浮冰,3,88,128813,1,1
6,1677,77,167.714,84,4.4,7,D6,D6,no,Chime,浮冰,8,102,128804,1,1
6,1681,81,168.121,85,1.2,1,B2,B2,no,Double Bass,橡木木板,17,48,129117,1,1
6,1683,83,168.320,85,1.6,1,F#3,F#3,no,Harp/Piano,泥土,0,67,129270,1,1
6,1685,85,168.520,85,2.0,1,A3,A3,no,Harp/Piano,泥土,3,82,129423,1,1
6,1685,85,168.523,85,2.0,2,D4,D4,no,Harp/Piano,泥土,8,81,129426,1,1
6,1687,87,168.727,85,2.4,1,D5,D5,no,Harp/Piano,泥土,20,87,129582,1,1
6,1689,89,168.915,85,2.8,1,A5,A5,no,Chime,浮冰,3,97,129727,1,1
6,1691,91,169.085,85,3.2,1,B2,B2,no,Double Bass,橡木木板,17,77,129857,1,1
6,1691,91,169.105,85,3.2,2,D6,D6,no,Chime,浮冰,8,101,129873,1,1
6,1693,93,169.332,85,3.6,1,A#2,A#2,no,Double Bass,橡木木板,16,90,130047,1,1
6,1693,93,169.328,85,3.6,2,F#3,F#3,no,Harp/Piano,泥土,0,87,130044,1,1
6,1693,93,169.335,85,3.6,3,E5,E5,no,Harp/Piano,泥土,22,84,130049,1,1
6,1693,93,169.336,85,3.6,4,F#5,F#5,no,Harp/Piano,泥土,24,81,130050,1,1
6,1693,93,169.337,85,3.6,5,A#5,A#5,no,Chime,浮冰,4,84,130051,1,1
6,1693,93,169.322,85,3.6,6,E6,E6,no,Chime,浮冰,10,99,130039,1,1
6,1697,97,169.710,85,4.4,1,F#3,F#3,no,Harp/Piano,泥土,0,65,130337,1,1
6,1699,99,169.943,85,4.8,1,A#3,A#3,no,Harp/Piano,泥土,4,86,130516,1,1
6,1699,99,169.943,85,4.8,2,D4,D4,no,Harp/Piano,泥土,8,86,130516,1,1
6,1699,99,169.940,85,4.8,3,D6,D6,no,Chime,浮冰,8,100,130514,1,1
6,1700,100,169.952,86,1.0,1,D5,D5,no,Harp/Piano,泥土,20,89,130523,1,1
6,1704,104,170.353,86,1.8,1,A#2,A#2,no,Double Bass,橡木木板,16,94,130831,1,1
6,1704,104,170.358,86,1.8,2,E5,E5,no,Harp/Piano,泥土,22,90,130835,1,1
6,1704,104,170.354,86,1.8,3,E6,E6,no,Chime,浮冰,10,96,130832,1,1
6,1706,106,170.564,86,2.2,1,F#3,F#3,no,Harp/Piano,泥土,0,82,130993,1,1
6,1706,106,170.565,86,2.2,2,A#3,A#3,no,Harp/Piano,泥土,4,74,130994,1,1
6,1707,107,170.661,86,2.4,1,D5,D5,no,Harp/Piano,泥土,20,92,131068,1,1
6,1707,107,170.655,86,2.4,2,D6,D6,no,Chime,浮冰,8,99,131063,1,1
6,1709,109,170.945,86,2.8,1,A2,A2,no,Double Bass,橡木木板,15,81,131286,1,1
6,1709,109,170.948,86,2.8,2,F#3,F#3,no,Harp/Piano,泥土,0,90,131288,1,1
6,1709,109,170.945,86,2.8,3,A3,A3,no,Harp/Piano,泥土,3,87,131286,1,1
6,1709,109,170.943,86,2.8,4,F#5,F#5,no,Harp/Piano,泥土,24,96,131284,1,1
6,1709,109,170.945,86,2.8,5,A5,A5,no,Chime,浮冰,3,81,131286,1,1
6,1709,109,170.935,86,2.8,6,D6,D6,no,Chime,浮冰,8,89,131278,1,1
6,1709,109,170.935,86,2.8,7,F#6,F#6,no,Chime,浮冰,12,101,131278,1,1
6,1713,113,171.337,86,3.6,1,D3,D3,no,Double Bass,橡木木板,20,72,131587,1,1
6,1715,115,171.533,86,4.0,1,A4,A4,no,Harp/Piano,泥土,15,85,131737,1,1
6,1716,116,171.634,86,4.2,1,D5,D5,no,Harp/Piano,泥土,20,82,131815,1,1
6,1717,117,171.732,86,4.4,1,A3,A3,no,Harp/Piano,泥土,3,83,131890,1,1
6,1717,117,171.733,86,4.4,2,D4,D4,no,Harp/Piano,泥土,8,87,131891,1,1
6,1717,117,171.724,86,4.4,3,E5,E5,no,Harp/Piano,泥土,22,85,131884,1,1
6,1718,118,171.794,86,4.6,1,F#5,F#5,no,Harp/Piano,泥土,24,86,131938,1,1
6,1719,119,171.909,86,4.8,1,G5,G5,no,Chime,浮冰,1,88,132026,1,1
6,1720,120,172.007,87,1.0,1,A5,A5,no,Chime,浮冰,3,92,132101,1,1
6,1721,121,172.082,87,1.2,1,B5,B5,no,Chime,浮冰,5,86,132159,1,1
6,1722,122,172.168,87,1.4,1,C#6,C#6,no,Chime,浮冰,7,87,132225,1,1
6,1723,123,172.292,87,1.6,1,A2,A2,no,Double Bass,橡木木板,15,86,132320,1,1
6,1723,123,172.279,87,1.6,2,D6,D6,no,Chime,浮冰,8,95,132310,1,1
6,1724,124,172.385,87,1.8,1,F#6,F#6,no,Chime,浮冰,12,90,132392,1,1
6,1725,125,172.514,87,2.0,1,G#2,G#2,no,Double Bass,橡木木板,14,89,132491,1,1
6,1725,125,172.503,87,2.0,2,F#3,F#3,no,Harp/Piano,泥土,0,93,132482,1,1
6,1725,125,172.510,87,2.0,3,B3,B3,no,Harp/Piano,泥土,5,88,132488,1,1
6,1725,125,172.493,87,2.0,4,B6,B6,no,Chime,浮冰,17,105,132475,1,1
6,1726,126,172.602,87,2.2,1,F#6,F#6,no,Chime,浮冰,12,83,132558,1,1
6,1727,127,172.680,87,2.4,1,D6,D6,no,Chime,浮冰,8,88,132618,1,1
6,1728,128,172.793,87,2.6,1,F#6,F#6,no,Chime,浮冰,12,88,132705,1,1
6,1729,129,172.874,87,2.8,1,D3,D3,no,Double Bass,橡木木板,20,75,132767,1,1
6,1729,129,172.905,87,2.8,2,D6,D6,no,Chime,浮冰,8,93,132791,1,1
6,1730,130,172.996,87,3.0,1,F#6,F#6,no,Chime,浮冰,12,79,132861,1,1
6,1731,131,173.092,87,3.2,1,F#3,F#3,no,Harp/Piano,泥土,0,89,132935,1,1
6,1731,131,173.092,87,3.2,2,C#4,C#4,no,Harp/Piano,泥土,7,93,132935,1,1
6,1731,131,173.077,87,3.2,3,C#6,C#6,no,Chime,浮冰,7,96,132923,1,1
6,1731,131,173.072,87,3.2,4,C#7,C#7,no,Chime,浮冰,19,107,132919,1,1
6,1732,132,173.207,87,3.4,1,F#6,F#6,no,Chime,浮冰,12,83,133023,1,1
6,1733,133,173.296,87,3.6,1,D6,D6,no,Chime,浮冰,8,89,133091,1,1
6,1734,134,173.395,87,3.8,1,F#6,F#6,no,Chime,浮冰,12,78,133167,1,1
6,1735,135,173.475,87,4.0,1,D3,D3,no,Double Bass,橡木木板,20,84,133229,1,1
6,1735,135,173.480,87,4.0,2,D6,D6,no,Chime,浮冰,8,94,133233,1,1
6,1736,136,173.564,87,4.2,1,F#6,F#6,no,Chime,浮冰,12,79,133297,1,1
6,1737,137,173.672,87,4.4,1,F#3,F#3,no,Harp/Piano,泥土,0,99,133380,1,1
6,1737,137,173.667,87,4.4,2,D4,D4,no,Harp/Piano,泥土,8,91,133376,1,1
6,1737,137,173.664,87,4.4,3,D7,D7,no,Chime,浮冰,20,104,133374,1,1
6,1738,138,173.754,87,4.6,1,D6,D6,no,Chime,浮冰,8,85,133443,1,1
6,1738,138,173.839,87,4.6,2,F#6,F#6,no,Chime,浮冰,12,82,133508,1,1
6,1740,140,173.951,88,1.0,1,A6,A6,no,Chime,浮冰,15,77,133594,1,1
6,1741,141,174.074,88,1.2,1,E2,E2,no,Double Bass,橡木木板,10,88,133689,1,1
6,1741,141,174.079,88,1.2,2,E3,E3,no,Double Bass,橡木木板,22,87,133693,1,1
6,1741,141,174.087,88,1.2,3,D6,D6,no,Chime,浮冰,8,98,133699,1,1
6,1741,141,174.100,88,1.2,4,F#6,F#6,no,Chime,浮冰,12,85,133709,1,1
6,1741,141,174.085,88,1.2,5,D7,D7,no,Chime,浮冰,20,105,133697,1,1
6,1743,143,174.305,88,1.6,1,D6,D6,no,Chime,浮冰,8,78,133866,1,1
6,1745,145,174.475,88,2.0,1,B2,B2,no,Double Bass,橡木木板,17,78,133997,1,1
6,1745,145,174.479,88,2.0,2,D6,D6,no,Chime,浮冰,8,88,134000,1,1
6,1747,147,174.694,88,2.4,1,F#2,F#2,no,Double Bass,橡木木板,12,86,134165,1,1
6,1747,147,174.690,88,2.4,2,D3,D3,no,Double Bass,橡木木板,20,88,134162,1,1
6,1747,147,174.685,88,2.4,3,F#3,F#3,no,Harp/Piano,泥土,0,97,134158,1,1
6,1747,147,174.691,88,2.4,4,A5,A5,no,Chime,浮冰,3,92,134163,1,1
6,1747,147,174.688,88,2.4,5,D6,D6,no,Chime,浮冰,8,92,134160,1,1
6,1747,147,174.695,88,2.4,6,F#6,F#6,no,Chime,浮冰,12,80,134166,1,1
6,1747,147,174.685,88,2.4,7,A6,A6,no,Chime,浮冰,15,101,134158,1,1
6,1751,151,175.092,88,3.2,1,D3,D3,no,Double Bass,橡木木板,20,69,134471,1,1
6,1751,151,175.086,88,3.2,2,A5,A5,no,Chime,浮冰,3,71,134466,1,1
6,1753,153,175.323,88,3.6,1,G2,G2,no,Double Bass,橡木木板,13,81,134648,1,1
6,1753,153,175.315,88,3.6,2,D3,D3,no,Double Bass,橡木木板,20,84,134642,1,1
6,1753,153,175.314,88,3.6,3,A3,A3,no,Harp/Piano,泥土,3,91,134641,1,1
6,1753,153,175.307,88,3.6,4,F#5,F#5,no,Harp/Piano,泥土,24,100,134636,1,1
6,1753,153,175.311,88,3.6,5,A5,A5,no,Chime,浮冰,3,86,134639,1,1
6,1753,153,175.324,88,3.6,6,C#6,C#6,no,Chime,浮冰,7,76,134649,1,1
6,1753,153,175.312,88,3.6,7,D6,D6,no,Chime,浮冰,8,93,134640,1,1
6,1753,153,175.309,88,3.6,8,F#6,F#6,no,Chime,浮冰,12,96,134637,1,1
6,1755,155,175.534,88,4.0,1,A5,A5,no,Chime,浮冰,3,75,134810,1,1
6,1757,157,175.742,88,4.4,1,A5,A5,no,Chime,浮冰,3,72,134970,1,1
6,1759,159,175.924,88,4.8,1,G3,G3,no,Harp/Piano,泥土,1,86,135110,1,1
6,1759,159,175.932,88,4.8,2,D5,D5,no,Harp/Piano,泥土,20,86,135116,1,1
6,1759,159,175.930,88,4.8,3,F#5,F#5,no,Harp/Piano,泥土,24,87,135114,1,1
6,1759,159,175.931,88,4.8,4,A5,A5,no,Chime,浮冰,3,72,135115,1,1
6,1759,159,175.917,88,4.8,5,D6,D6,no,Chime,浮冰,8,98,135104,1,1
6,1761,161,176.135,89,1.2,1,D4,D4,no,Harp/Piano,泥土,8,81,135272,1,1
6,1761,161,176.122,89,1.2,2,A5,A5,no,Chime,浮冰,3,75,135262,1,1
6,1763,163,176.323,89,1.6,1,B3,B3,no,Harp/Piano,泥土,5,84,135416,1,1
6,1763,163,176.328,89,1.6,2,A5,A5,no,Chime,浮冰,3,76,135420,1,1
6,1765,165,176.507,89,2.0,1,F#4,F#4,no,Harp/Piano,泥土,12,101,135557,1,1
6,1765,165,176.529,89,2.0,2,A5,A5,no,Chime,浮冰,3,84,135574,1,1
6,1767,167,176.715,89,2.4,1,D4,D4,no,Harp/Piano,泥土,8,81,135717,1,1
6,1767,167,176.721,89,2.4,2,A4,A4,no,Harp/Piano,泥土,15,90,135722,1,1
6,1767,167,176.721,89,2.4,3,A5,A5,no,Chime,浮冰,3,95,135722,1,1
6,1769,169,176.913,89,2.8,1,B3,B3,no,Harp/Piano,泥土,5,83,135869,1,1
6,1769,169,176.915,89,2.8,2,D5,D5,no,Harp/Piano,泥土,20,90,135871,1,1
6,1769,169,176.913,89,2.8,3,D6,D6,no,Chime,浮冰,8,100,135869,1,1
6,1771,171,177.086,89,3.2,1,A3,A3,no,Harp/Piano,泥土,3,85,136002,1,1
6,1771,171,177.104,89,3.2,2,E5,E5,no,Harp/Piano,泥土,22,95,136016,1,1
6,1771,171,177.098,89,3.2,3,E6,E6,no,Chime,浮冰,10,97,136011,1,1
6,1773,173,177.303,89,3.6,1,D2,D2,no,Double Bass,橡木木板,8,79,136169,1,1
6,1773,173,177.305,89,3.6,2,F#2,F#2,no,Double Bass,橡木木板,12,86,136170,1,1
6,1773,173,177.302,89,3.6,3,D3,D3,no,Double Bass,橡木木板,20,86,136168,1,1
6,1773,173,177.302,89,3.6,4,F#3,F#3,no,Harp/Piano,泥土,0,98,136168,1,1
6,1773,173,177.303,89,3.6,5,F#5,F#5,no,Harp/Piano,泥土,24,102,136169,1,1
6,1773,173,177.302,89,3.6,6,A5,A5,no,Chime,浮冰,3,89,136168,1,1
6,1773,173,177.302,89,3.6,7,D6,D6,no,Chime,浮冰,8,99,136168,1,1
6,1773,173,177.302,89,3.6,8,F#6,F#6,no,Chime,浮冰,12,101,136168,1,1
6,1775,175,177.516,89,4.0,1,F#5,F#5,no,Harp/Piano,泥土,24,77,136332,1,1
6,1777,177,177.710,89,4.4,1,D3,D3,no,Double Bass,橡木木板,20,70,136481,1,1
6,1777,177,177.706,89,4.4,2,F#5,F#5,no,Harp/Piano,泥土,24,84,136478,1,1
6,1779,179,177.926,89,4.8,1,G2,G2,no,Double Bass,橡木木板,13,85,136647,1,1
6,1779,179,177.923,89,4.8,2,D3,D3,no,Double Bass,橡木木板,20,92,136645,1,1
6,1779,179,177.923,89,4.8,3,G3,G3,no,Harp/Piano,泥土,1,95,136645,1,1
6,1779,179,177.915,89,4.8,4,F#5,F#5,no,Harp/Piano,泥土,24,91,136639,1,1
6,1779,179,177.924,89,4.8,5,A5,A5,no,Chime,浮冰,3,84,136646,1,1
6,1779,179,177.913,89,4.8,6,D6,D6,no,Chime,浮冰,8,102,136637,1,1
6,1781,181,178.141,90,1.2,1,D5,D5,no,Harp/Piano,泥土,20,71,136812,1,1
6,1783,183,178.322,90,1.6,1,D3,D3,no,Double Bass,橡木木板,20,89,136951,1,1
6,1783,183,178.344,90,1.6,2,D6,D6,no,Chime,浮冰,8,72,136968,1,1
6,1784,184,178.353,90,1.8,1,D5,D5,no,Harp/Piano,泥土,20,69,136975,1,1
6,1785,185,178.548,90,2.0,1,A3,A3,no,Harp/Piano,泥土,3,88,137125,1,1
6,1785,185,178.546,90,2.0,2,A5,A5,no,Chime,浮冰,3,94,137123,1,1
6,1786,186,178.555,90,2.2,1,A2,A2,no,Double Bass,橡木木板,15,87,137130,1,1
6,1786,186,178.553,90,2.2,2,E3,E3,no,Double Bass,橡木木板,22,94,137129,1,1
6,1786,186,178.553,90,2.2,3,A4,A4,no,Harp/Piano,泥土,15,90,137129,1,1
6,1786,186,178.556,90,2.2,4,D5,D5,no,Harp/Piano,泥土,20,71,137131,1,1
6,1786,186,178.555,90,2.2,5,E5,E5,no,Harp/Piano,泥土,22,73,137130,1,1
6,1788,188,178.806,90,2.6,1,D5,D5,no,Harp/Piano,泥土,20,49,137323,1,1
6,1790,190,178.967,90,3.0,1,D5,D5,no,Harp/Piano,泥土,20,59,137447,1,1
6,1790,190,178.969,90,3.0,2,E5,E5,no,Harp/Piano,泥土,22,57,137448,1,1
6,1792,192,179.168,90,3.4,1,A3,A3,no,Harp/Piano,泥土,3,82,137601,1,1
6,1792,192,179.177,90,3.4,2,D5,D5,no,Harp/Piano,泥土,20,58,137608,1,1
6,1792,192,179.173,90,3.4,3,E5,E5,no,Harp/Piano,泥土,22,68,137605,1,1
6,1794,194,179.375,90,3.8,1,G4,G4,no,Harp/Piano,泥土,13,96,137760,1,1
6,1794,194,179.384,90,3.8,2,C#5,C#5,no,Harp/Piano,泥土,19,63,137767,1,1
6,1794,194,179.383,90,3.8,3,E5,E5,no,Harp/Piano,泥土,22,70,137766,1,1
6,1796,196,179.576,90,4.2,1,F#4,F#4,no,Harp/Piano,泥土,12,78,137914,1,1
6,1796,196,179.579,90,4.2,2,D5,D5,no,Harp/Piano,泥土,20,65,137917,1,1
6,1796,196,179.581,90,4.2,3,E5,E5,no,Harp/Piano,泥土,22,60,137918,1,1
6,1798,198,179.771,90,4.6,1,E4,E4,no,Harp/Piano,泥土,10,85,138064,1,1
6,1798,198,179.772,90,4.6,2,A4,A4,no,Harp/Piano,泥土,15,93,138065,1,1
6,1798,198,179.775,90,4.6,3,D5,D5,no,Harp/Piano,泥土,20,77,138067,1,1
6,1798,198,179.807,90,4.6,4,E5,E5,no,Harp/Piano,泥土,22,51,138092,1,1
6,1798,198,179.767,90,4.6,5,A5,A5,no,Chime,浮冰,3,98,138061,1,1
6,1800,200,179.988,91,1.0,1,A3,A3,no,Harp/Piano,泥土,3,74,138231,1,1
6,1800,200,179.987,91,1.0,2,D5,D5,no,Harp/Piano,泥土,20,63,138230,1,1
6,1802,202,180.184,91,1.4,1,E3,E3,no,Double Bass,橡木木板,22,77,138381,1,1
6,1802,202,180.191,91,1.4,2,D5,D5,no,Harp/Piano,泥土,20,65,138387,1,1
6,1802,202,180.194,91,1.4,3,E5,E5,no,Harp/Piano,泥土,22,69,138389,1,1
6,1804,204,180.367,91,1.8,1,A2,A2,no,Double Bass,橡木木板,15,77,138522,1,1
6,1804,204,180.402,91,1.8,2,E5,E5,no,Harp/Piano,泥土,22,73,138549,1,1
6,1806,206,180.621,91,2.2,1,B2,B2,no,Double Bass,橡木木板,17,77,138717,1,1
6,1806,206,180.633,91,2.2,2,B4,B4,no,Harp/Piano,泥土,17,87,138726,1,1
6,1806,206,180.635,91,2.2,3,C#5,C#5,no,Harp/Piano,泥土,19,85,138728,1,1
6,1806,206,180.629,91,2.2,4,E5,E5,no,Harp/Piano,泥土,22,84,138723,1,1
6,1806,206,180.624,91,2.2,5,B5,B5,no,Chime,浮冰,5,97,138719,1,1
6,1810,210,181.040,91,3.0,1,F#3,F#3,no,Harp/Piano,泥土,0,66,139039,1,1
6,1812,212,181.228,91,3.4,1,B3,B3,no,Harp/Piano,泥土,5,62,139183,1,1
6,1815,215,181.464,91,4.0,1,E4,E4,no,Harp/Piano,泥土,10,83,139364,1,1
6,1819,219,181.874,91,4.8,1,B3,B3,no,Harp/Piano,泥土,5,60,139679,1,1
6,1821,221,182.104,92,1.2,1,F#4,F#4,no,Harp/Piano,泥土,12,76,139856,1,1
6,1825,225,182.518,92,2.0,1,E4,E4,no,Harp/Piano,泥土,10,63,140174,1,1
6,1828,228,182.755,92,2.6,1,B4,B4,no,Harp/Piano,泥土,17,74,140356,1,1
6,1832,232,183.178,92,3.4,1,F#4,F#4,no,Harp/Piano,泥土,12,62,140681,1,1
6,1834,234,183.396,92,3.8,1,E5,E5,no,Harp/Piano,泥土,22,76,140848,1,1
6,1838,238,183.816,92,4.6,1,B4,B4,no,Harp/Piano,泥土,17,63,141171,1,1
6,1840,240,184.030,93,1.0,1,D#5,D#5,no,Harp/Piano,泥土,21,48,141335,1,1
6,1841,241,184.077,93,1.2,1,B2,B2,no,Double Bass,橡木木板,17,42,141371,1,1
6,1841,241,184.083,93,1.2,2,B3,B3,no,Harp/Piano,泥土,5,46,141376,1,1
6,1841,241,184.078,93,1.2,3,F#5,F#5,no,Harp/Piano,泥土,24,63,141372,1,1
6,1841,241,184.092,93,1.2,4,B5,B5,no,Chime,浮冰,5,73,141383,1,1
6,1908,308,190.824,96,2.6,1,G#5,G#5,no,Chime,浮冰,2,51,146553,1,1
6,1914,314,191.441,96,3.8,1,A5,A5,no,Chime,浮冰,3,69,147027,1,1
6,1917,317,191.681,96,4.4,1,G#5,G#5,no,Chime,浮冰,2,73,147211,1,1
6,1919,319,191.901,96,4.8,1,A5,A5,no,Chime,浮冰,3,78,147380,1,1
7,1921,1,192.120,97,1.2,1,B5,B5,no,Chime,浮冰,5,75,147548,1,1
7,1924,4,192.434,97,1.8,1,A4,A4,no,Harp/Piano,泥土,15,50,147789,1,1
7,1924,4,192.424,97,1.8,2,G#5,G#5,no,Chime,浮冰,2,61,147782,1,1
7,1924,4,192.352,97,1.8,3,D#6,D#6,no,Chime,浮冰,9,59,147726,1,1
7,1924,4,192.419,97,1.8,4,E6,E6,no,Chime,浮冰,10,78,147778,1,1
7,1925,5,192.465,97,2.0,1,C#5,C#5,no,Harp/Piano,泥土,19,37,147813,1,1
7,1925,5,192.466,97,2.0,2,E5,E5,no,Harp/Piano,泥土,22,43,147814,1,1
7,1937,17,193.695,97,4.4,1,G#5,G#5,no,Chime,浮冰,2,73,148758,1,1
7,1941,21,194.120,98,1.2,1,F#5,F#5,no,Harp/Piano,泥土,24,71,149084,1,1
7,1942,22,194.229,98,1.4,1,G5,G5,no,Chime,浮冰,1,62,149168,1,1
7,1943,23,194.335,98,1.6,1,G#4,G#4,no,Harp/Piano,泥土,14,48,149249,1,1
7,1943,23,194.336,98,1.6,2,C5,C5,no,Harp/Piano,泥土,18,47,149250,1,1
7,1943,23,194.336,98,1.6,3,D#5,D#5,no,Harp/Piano,泥土,21,50,149250,1,1
7,1943,23,194.312,98,1.6,4,F#5,F#5,no,Harp/Piano,泥土,24,70,149232,1,1
7,1950,30,194.993,98,3.0,1,E5,E5,no,Harp/Piano,泥土,22,54,149755,1,1
7,1957,37,195.724,98,4.4,1,G#4,G#4,no,Harp/Piano,泥土,14,59,150316,1,1
7,1959,39,195.935,98,4.8,1,E5,E5,no,Harp/Piano,泥土,22,72,150478,1,1
7,1962,42,196.190,99,1.4,1,C#4,C#4,no,Harp/Piano,泥土,7,58,150674,1,1
7,1962,42,196.189,99,1.4,2,G#4,G#4,no,Harp/Piano,泥土,14,58,150673,1,1
7,1962,42,196.185,99,1.4,3,B4,B4,no,Harp/Piano,泥土,17,60,150670,1,1
7,1962,42,196.172,99,1.4,4,G#5,G#5,no,Chime,浮冰,2,83,150660,1,1
7,1966,46,196.615,99,2.2,1,F#5,F#5,no,Harp/Piano,泥土,24,74,151000,1,1
7,1968,48,196.803,99,2.6,1,G#5,G#5,no,Chime,浮冰,2,62,151145,1,1
7,1969,49,196.868,99,2.8,1,A5,A5,no,Chime,浮冰,3,81,151195,1,1
7,1975,55,197.535,99,4.0,1,G#5,G#5,no,Chime,浮冰,2,73,151707,1,1
7,1978,58,197.753,99,4.6,1,E5,E5,no,Harp/Piano,泥土,22,66,151874,1,1
7,1980,60,197.991,100,1.0,1,B3,B3,no,Harp/Piano,泥土,5,36,152057,1,1
7,1980,60,197.993,100,1.0,2,F#4,F#4,no,Harp/Piano,泥土,12,33,152059,1,1
7,1980,60,197.990,100,1.0,3,A4,A4,no,Harp/Piano,泥土,15,44,152056,1,1
7,1980,60,197.995,100,1.0,4,D5,D5,no,Harp/Piano,泥土,20,46,152060,1,1
7,1989,69,198.947,100,2.8,1,E3,E3,no,Double Bass,橡木木板,22,35,152791,1,1
7,1989,69,198.947,100,2.8,2,D4,D4,no,Harp/Piano,泥土,8,37,152791,1,1
7,1989,69,198.943,100,2.8,3,G#4,G#4,no,Harp/Piano,泥土,14,42,152788,1,1
7,1989,69,198.923,100,2.8,4,C#5,C#5,no,Harp/Piano,泥土,19,49,152773,1,1
7,1990,70,198.954,100,3.0,1,B3,B3,no,Harp/Piano,泥土,5,37,152797,1,1
7,1996,76,199.617,100,4.2,1,E5,E5,no,Harp/Piano,泥土,22,75,153306,1,1
7,2000,80,200.016,101,1.0,1,A3,A3,no,Harp/Piano,泥土,3,53,153612,1,1
7,2000,80,200.004,101,1.0,2,E4,E4,no,Harp/Piano,泥土,10,50,153603,1,1
7,2000,80,200.017,101,1.0,3,A4,A4,no,Harp/Piano,泥土,15,54,153613,1,1
7,2000,80,200.021,101,1.0,4,C#5,C#5,no,Harp/Piano,泥土,19,56,153616,1,1
7,2000,80,200.013,101,1.0,5,E5,E5,no,Harp/Piano,泥土,22,55,153610,1,1
7,2000,80,200.007,101,1.0,6,G#5,G#5,no,Chime,浮冰,2,66,153605,1,1
7,2000,80,199.991,101,1.0,7,C#6,C#6,no,Chime,浮冰,7,82,153593,1,1
7,2010,90,200.987,101,3.0,1,G#3,G#3,no,Harp/Piano,泥土,2,55,154358,1,1
7,2010,90,200.975,101,3.0,2,D#4,D#4,no,Harp/Piano,泥土,9,59,154349,1,1
7,2010,90,200.988,101,3.0,3,F#4,F#4,no,Harp/Piano,泥土,12,57,154359,1,1
7,2010,90,200.986,101,3.0,4,D#5,D#5,no,Harp/Piano,泥土,21,62,154357,1,1
7,2010,90,200.969,101,3.0,5,F#5,F#5,no,Harp/Piano,泥土,24,76,154344,1,1
7,2010,90,200.964,101,3.0,6,D#6,D#6,no,Chime,浮冰,9,83,154340,1,1
7,2014,94,201.422,101,3.8,1,F#4,F#4,no,Harp/Piano,泥土,12,62,154692,1,1
7,2016,96,201.564,101,4.2,1,G#4,G#4,no,Harp/Piano,泥土,14,67,154801,1,1
7,2016,96,201.632,101,4.2,2,C5,C5,no,Harp/Piano,泥土,18,70,154853,1,1
7,2017,97,201.711,101,4.4,1,D#5,D#5,no,Harp/Piano,泥土,21,64,154914,1,1
7,2019,99,201.884,101,4.8,1,C#4,C#4,no,Harp/Piano,泥土,7,65,155047,1,1
7,2019,99,201.875,101,4.8,2,G#4,G#4,no,Harp/Piano,泥土,14,68,155040,1,1
7,2019,99,201.880,101,4.8,3,B4,B4,no,Harp/Piano,泥土,17,68,155044,1,1
7,2019,99,201.883,101,4.8,4,E5,E5,no,Harp/Piano,泥土,22,70,155046,1,1
7,2019,99,201.866,101,4.8,5,G#5,G#5,no,Chime,浮冰,2,75,155033,1,1
7,2019,99,201.857,101,4.8,6,E6,E6,no,Chime,浮冰,10,85,155026,1,1
7,2023,103,202.320,102,1.6,1,G#5,G#5,no,Chime,浮冰,2,83,155382,1,1
7,2025,105,202.535,102,2.0,1,F#5,F#5,no,Harp/Piano,泥土,24,84,155547,1,1
7,2028,108,202.801,102,2.6,1,F3,F3,no,Double Bass,橡木木板,23,56,155751,1,1
7,2028,108,202.794,102,2.6,2,B3,B3,no,Harp/Piano,泥土,5,53,155746,1,1
7,2028,108,202.803,102,2.6,3,D4,D4,no,Harp/Piano,泥土,8,49,155753,1,1
7,2028,108,202.780,102,2.6,4,A4,A4,no,Harp/Piano,泥土,15,66,155735,1,1
7,2030,110,203.026,102,3.0,1,E5,E5,no,Harp/Piano,泥土,22,67,155924,1,1
7,2035,115,203.504,102,4.0,1,E5,E5,no,Harp/Piano,泥土,22,75,156291,1,1
7,2038,118,203.849,102,4.6,1,A5,A5,no,Chime,浮冰,3,78,156556,1,1
7,2039,119,203.870,102,4.8,1,F#3,F#3,no,Harp/Piano,泥土,0,47,156572,1,1
7,2039,119,203.878,102,4.8,2,C#4,C#4,no,Harp/Piano,泥土,7,52,156578,1,1
7,2039,119,203.875,102,4.8,3,E4,E4,no,Harp/Piano,泥土,10,51,156576,1,1
7,2039,119,203.874,102,4.8,4,G#4,G#4,no,Harp/Piano,泥土,14,65,156575,1,1
7,2045,125,204.486,103,2.0,1,B5,B5,no,Chime,浮冰,5,65,157045,1,1
7,2046,126,204.643,103,2.2,1,A5,A5,no,Chime,浮冰,3,65,157166,1,1
7,2048,128,204.811,103,2.6,1,G5,G5,no,Chime,浮冰,1,74,157295,1,1
7,2050,130,204.978,103,3.0,1,G#5,G#5,no,Chime,浮冰,2,74,157423,1,1
7,2051,131,205.146,103,3.2,1,F#5,F#5,no,Harp/Piano,泥土,24,80,157552,1,1
7,2053,133,205.344,103,3.6,1,E5,E5,no,Harp/Piano,泥土,22,67,157704,1,1
7,2055,135,205.546,103,4.0,1,F#5,F#5,no,Harp/Piano,泥土,24,70,157859,1,1
7,2058,138,205.764,103,4.6,1,E5,E5,no,Harp/Piano,泥土,22,58,158027,1,1
7,2060,140,206.025,104,1.0,1,F#5,F#5,no,Harp/Piano,泥土,24,69,158227,1,1
7,2062,142,206.215,104,1.4,1,G#3,G#3,no,Harp/Piano,泥土,2,49,158373,1,1
7,2063,143,206.276,104,1.6,1,D#4,D#4,no,Harp/Piano,泥土,9,46,158420,1,1
7,2063,143,206.324,104,1.6,2,F#4,F#4,no,Harp/Piano,泥土,12,39,158457,1,1
7,2063,143,206.315,104,1.6,3,A#4,A#4,no,Harp/Piano,泥土,16,52,158450,1,1
7,2063,143,206.327,104,1.6,4,C#5,C#5,no,Harp/Piano,泥土,19,60,158459,1,1
7,2063,143,206.348,104,1.6,5,G#5,G#5,no,Chime,浮冰,2,71,158475,1,1
7,2070,150,207.007,104,3.0,1,D#6,D#6,no,Chime,浮冰,9,59,158981,1,1
7,2077,157,207.704,104,4.4,1,G#6,G#6,no,Chime,浮冰,14,62,159517,1,1
7,2081,161,208.095,105,1.2,1,D#4,D#4,no,Harp/Piano,泥土,9,39,159817,1,1
7,2081,161,208.103,105,1.2,2,F#4,F#4,no,Harp/Piano,泥土,12,44,159823,1,1
7,2081,161,208.108,105,1.2,3,G#4,G#4,no,Harp/Piano,泥土,14,48,159827,1,1
7,2081,161,208.104,105,1.2,4,C5,C5,no,Harp/Piano,泥土,18,45,159824,1,1
7,2087,167,208.704,105,2.4,1,D#6,D#6,no,Chime,浮冰,9,64,160285,1,1
7,2087,167,208.703,105,2.4,2,D#7,D#7,no,Chime,浮冰,21,69,160284,1,1
7,2125,205,212.527,107,2.0,1,G#5,G#5,no,Chime,浮冰,2,55,163221,1,1
7,2131,211,213.081,107,3.2,1,A5,A5,no,Chime,浮冰,3,56,163646,1,1
7,2132,212,213.230,107,3.4,1,G#5,G#5,no,Chime,浮冰,2,65,163761,1,1
7,2134,214,213.395,107,3.8,1,G5,G5,no,Chime,浮冰,1,73,163887,1,1
7,2135,215,213.548,107,4.0,1,G#5,G#5,no,Chime,浮冰,2,80,164005,1,1
7,2138,218,213.828,107,4.6,1,C6,C6,no,Chime,浮冰,6,79,164220,1,1
7,2142,222,214.198,108,1.4,1,C#6,C#6,no,Chime,浮冰,7,86,164504,1,1
7,2146,226,214.626,108,2.2,1,D#6,D#6,no,Chime,浮冰,9,84,164833,1,1
7,2151,231,215.083,108,3.2,1,E5,E5,no,Harp/Piano,泥土,22,56,165184,1,1
7,2152,232,215.202,108,3.4,1,G#5,G#5,no,Chime,浮冰,2,69,165275,1,1
7,2154,234,215.383,108,3.8,1,A2,A2,no,Double Bass,橡木木板,15,57,165414,1,1
7,2154,234,215.384,108,3.8,2,A3,A3,no,Harp/Piano,泥土,3,51,165415,1,1
7,2154,234,215.395,108,3.8,3,E6,E6,no,Chime,浮冰,10,82,165423,1,1
7,2163,243,216.335,109,1.6,1,E4,E4,no,Harp/Piano,泥土,10,55,166145,1,1
7,2164,244,216.366,109,1.8,1,C#4,C#4,no,Harp/Piano,泥土,7,52,166169,1,1
7,2164,244,216.354,109,1.8,2,G#4,G#4,no,Harp/Piano,泥土,14,57,166160,1,1
7,2166,246,216.583,109,2.2,1,G#5,G#5,no,Chime,浮冰,2,85,166336,1,1
7,2171,251,217.053,109,3.2,1,F#5,F#5,no,Harp/Piano,泥土,24,65,166697,1,1
7,2171,251,217.113,109,3.2,2,G5,G5,no,Chime,浮冰,1,73,166743,1,1
7,2172,252,217.230,109,3.4,1,F#5,F#5,no,Harp/Piano,泥土,24,77,166833,1,1
7,2173,253,217.255,109,3.6,1,G#2,G#2,no,Double Bass,橡木木板,14,51,166852,1,1
7,2173,253,217.255,109,3.6,2,F#3,F#3,no,Harp/Piano,泥土,0,56,166852,1,1
7,2173,253,217.264,109,3.6,3,C5,C5,no,Harp/Piano,泥土,18,51,166859,1,1
7,2173,253,217.263,109,3.6,4,D#5,D#5,no,Harp/Piano,泥土,21,55,166858,1,1
7,2175,255,217.507,109,4.0,1,E5,E5,no,Harp/Piano,泥土,22,68,167045,1,1
7,2180,260,217.956,110,1.0,1,C4,C4,no,Harp/Piano,泥土,6,52,167390,1,1
7,2180,260,217.957,110,1.0,2,A4,A4,no,Harp/Piano,泥土,15,56,167391,1,1
7,2184,264,218.426,110,1.8,1,G#4,G#4,no,Harp/Piano,泥土,14,57,167751,1,1
7,2186,266,218.624,110,2.2,1,D#3,D#3,no,Double Bass,橡木木板,21,61,167903,1,1
7,2188,268,218.832,110,2.6,1,E5,E5,no,Harp/Piano,泥土,22,80,168063,1,1
7,2191,271,219.129,110,3.2,1,C#3,C#3,no,Double Bass,橡木木板,19,53,168291,1,1
7,2191,271,219.129,110,3.2,2,G#3,G#3,no,Harp/Piano,泥土,2,54,168291,1,1
7,2191,271,219.128,110,3.2,3,B3,B3,no,Harp/Piano,泥土,5,59,168290,1,1
7,2191,271,219.124,110,3.2,4,F#5,F#5,no,Harp/Piano,泥土,24,83,168287,1,1
7,2196,276,219.578,110,4.2,1,E5,E5,no,Harp/Piano,泥土,22,69,168636,1,1
7,2198,278,219.786,110,4.6,1,F#5,F#5,no,Harp/Piano,泥土,24,87,168796,1,1
7,2200,280,220.016,111,1.0,1,G#3,G#3,no,Harp/Piano,泥土,2,58,168972,1,1
7,2200,280,220.010,111,1.0,2,B3,B3,no,Harp/Piano,泥土,5,55,168968,1,1
7,2200,280,220.012,111,1.0,3,E4,E4,no,Harp/Piano,泥土,10,71,168969,1,1
7,2202,282,220.234,111,1.4,1,G#5,G#5,no,Chime,浮冰,2,90,169140,1,1
7,2207,287,220.693,111,2.4,1,D5,D5,no,Harp/Piano,泥土,20,66,169492,1,1
7,2207,287,220.693,111,2.4,2,F#5,F#5,no,Harp/Piano,泥土,24,74,169492,1,1
7,2207,287,220.676,111,2.4,3,A5,A5,no,Chime,浮冰,3,85,169479,1,1
7,2209,289,220.896,111,2.8,1,B2,B2,no,Double Bass,橡木木板,17,59,169648,1,1
7,2209,289,220.900,111,2.8,2,F#3,F#3,no,Harp/Piano,泥土,0,63,169651,1,1
7,2209,289,220.895,111,2.8,3,A3,A3,no,Harp/Piano,泥土,3,64,169647,1,1
7,2211,291,221.125,111,3.2,1,B5,B5,no,Chime,浮冰,5,86,169824,1,1
7,2216,296,221.582,111,4.2,1,B4,B4,no,Harp/Piano,泥土,17,65,170175,1,1
7,2216,296,221.578,111,4.2,2,D5,D5,no,Harp/Piano,泥土,20,62,170172,1,1
7,2216,296,221.551,111,4.2,3,G#5,G#5,no,Chime,浮冰,2,84,170151,1,1
7,2218,298,221.763,111,4.6,1,E2,E2,no,Double Bass,橡木木板,10,67,170314,1,1
7,2218,298,221.763,111,4.6,2,E3,E3,no,Double Bass,橡木木板,22,66,170314,1,1
7,2220,300,221.992,112,1.0,1,F#5,F#5,no,Harp/Piano,泥土,24,88,170490,1,1
7,2224,304,222.397,112,1.8,1,G#5,G#5,no,Chime,浮冰,2,79,170801,1,1
7,2225,305,222.486,112,2.0,1,F#5,F#5,no,Harp/Piano,泥土,24,78,170869,1,1
7,2226,306,222.621,112,2.2,1,A2,A2,no,Double Bass,橡木木板,15,60,170973,1,1
7,2226,306,222.642,112,2.2,2,E3,E3,no,Double Bass,橡木木板,22,58,170989,1,1
7,2226,306,222.650,112,2.2,3,C#4,C#4,no,Harp/Piano,泥土,7,66,170995,1,1
7,2226,306,222.643,112,2.2,4,C#5,C#5,no,Harp/Piano,泥土,19,76,170990,1,1
7,2226,306,222.624,112,2.2,5,E5,E5,no,Harp/Piano,泥土,22,72,170975,1,1
7,2227,307,222.654,112,2.4,1,G#4,G#4,no,Harp/Piano,泥土,14,61,170998,1,1
7,2235,315,223.536,112,4.0,1,G#2,G#2,no,Double Bass,橡木木板,14,59,171676,1,1
7,2235,315,223.536,112,4.0,2,F#3,F#3,no,Harp/Piano,泥土,0,62,171676,1,1
7,2235,315,223.517,112,4.0,3,C4,C4,no,Harp/Piano,泥土,6,67,171661,1,1
7,2235,315,223.512,112,4.0,4,D#4,D#4,no,Harp/Piano,泥土,9,75,171657,1,1
8,2244,4,224.434,113,1.8,1,C#2,C#2,no,Double Bass,橡木木板,7,77,172365,1,1
8,2244,4,224.431,113,1.8,2,C#3,C#3,no,Double Bass,橡木木板,19,77,172363,1,1
8,2244,4,224.435,113,1.8,3,G#3,G#3,no,Harp/Piano,泥土,2,78,172366,1,1
8,2244,4,224.432,113,1.8,4,B3,B3,no,Harp/Piano,泥土,5,80,172364,1,1
8,2244,4,224.426,113,1.8,5,E4,E4,no,Harp/Piano,泥土,10,88,172359,1,1
8,2254,14,225.409,113,3.8,1,F2,F2,no,Double Bass,橡木木板,11,82,173114,1,1
8,2254,14,225.406,113,3.8,2,F3,F3,no,Double Bass,橡木木板,23,90,173112,1,1
8,2254,14,225.411,113,3.8,3,B3,B3,no,Harp/Piano,泥土,5,88,173116,1,1
8,2254,14,225.411,113,3.8,4,C#4,C#4,no,Harp/Piano,泥土,7,94,173116,1,1
8,2254,14,225.406,113,3.8,5,B4,B4,no,Harp/Piano,泥土,17,91,173112,1,1
8,2258,18,225.814,113,4.6,1,G#5,G#5,no,Chime,浮冰,2,99,173425,1,1
8,2258,18,225.811,113,4.6,2,G#6,G#6,no,Chime,浮冰,14,103,173423,1,1
8,2262,22,226.184,114,1.4,1,F#5,F#5,no,Harp/Piano,泥土,24,94,173709,1,1
8,2262,22,226.177,114,1.4,2,F#6,F#6,no,Chime,浮冰,12,103,173704,1,1
8,2265,25,226.544,114,2.0,1,F#2,F#2,no,Double Bass,橡木木板,12,79,173986,1,1
8,2266,26,226.561,114,2.2,1,E3,E3,no,Double Bass,橡木木板,22,80,173999,1,1
8,2266,26,226.564,114,2.2,2,E5,E5,no,Harp/Piano,泥土,22,92,174001,1,1
8,2266,26,226.564,114,2.2,3,A5,A5,no,Chime,浮冰,3,91,174001,1,1
8,2266,26,226.564,114,2.2,4,C#6,C#6,no,Chime,浮冰,7,93,174001,1,1
8,2266,26,226.555,114,2.2,5,E6,E6,no,Chime,浮冰,10,98,173994,1,1
8,2270,30,227.004,114,3.0,1,C#3,C#3,no,Double Bass,橡木木板,19,76,174339,1,1
8,2272,32,227.233,114,3.4,1,E3,E3,no,Double Bass,橡木木板,22,79,174515,1,1
8,2272,32,227.238,114,3.4,2,A3,A3,no,Harp/Piano,泥土,3,73,174519,1,1
8,2277,37,227.686,114,4.4,1,E3,E3,no,Double Bass,橡木木板,22,87,174863,1,1
8,2279,39,227.943,114,4.8,1,A3,A3,no,Harp/Piano,泥土,3,83,175060,1,1
8,2279,39,227.944,114,4.8,2,B4,B4,no,Harp/Piano,泥土,17,95,175061,1,1
8,2279,39,227.940,114,4.8,3,B5,B5,no,Chime,浮冰,5,103,175058,1,1
8,2281,41,228.133,115,1.2,1,C#4,C#4,no,Harp/Piano,泥土,7,80,175206,1,1
8,2283,43,228.310,115,1.6,1,G#2,G#2,no,Double Bass,橡木木板,14,84,175342,1,1
8,2284,44,228.353,115,1.8,1,D#3,D#3,no,Double Bass,橡木木板,21,77,175375,1,1
8,2284,44,228.406,115,1.8,2,F#3,F#3,no,Harp/Piano,泥土,0,83,175416,1,1
8,2285,45,228.480,115,2.0,1,G#3,G#3,no,Harp/Piano,泥土,2,84,175473,1,1
8,2285,45,228.538,115,2.0,2,E5,E5,no,Harp/Piano,泥土,22,89,175517,1,1
8,2285,45,228.538,115,2.0,3,G#5,G#5,no,Chime,浮冰,2,91,175517,1,1
8,2285,45,228.536,115,2.0,4,C6,C6,no,Chime,浮冰,6,92,175516,1,1
8,2285,45,228.535,115,2.0,5,E6,E6,no,Chime,浮冰,10,98,175515,1,1
8,2296,56,229.634,115,4.2,1,D#5,D#5,no,Harp/Piano,泥土,21,98,176359,1,1
8,2296,56,229.634,115,4.2,2,G#5,G#5,no,Chime,浮冰,2,92,176359,1,1
8,2296,56,229.634,115,4.2,3,C6,C6,no,Chime,浮冰,6,90,176359,1,1
8,2296,56,229.632,115,4.2,4,D#6,D#6,no,Chime,浮冰,9,104,176357,1,1
8,2305,65,230.547,116,2.0,1,E6,E6,no,Chime,浮冰,10,101,177060,1,1
8,2306,66,230.553,116,2.2,1,E5,E5,no,Harp/Piano,泥土,22,93,177065,1,1
8,2312,72,231.156,116,3.4,1,A1,A1,no,Double Bass,橡木木板,3,91,177528,1,1
8,2312,72,231.155,116,3.4,2,A2,A2,no,Double Bass,橡木木板,15,103,177527,1,1
8,2312,72,231.163,116,3.4,3,E5,E5,no,Harp/Piano,泥土,22,95,177533,1,1
8,2312,72,231.163,116,3.4,4,G#5,G#5,no,Chime,浮冰,2,97,177533,1,1
8,2312,72,231.163,116,3.4,5,C#6,C#6,no,Chime,浮冰,7,99,177533,1,1
8,2312,72,231.155,116,3.4,6,E6,E6,no,Chime,浮冰,10,102,177527,1,1
8,2317,77,231.693,116,4.4,1,A2,A2,no,Double Bass,橡木木板,15,79,177940,1,1
8,2319,79,231.921,116,4.8,1,E3,E3,no,Double Bass,橡木木板,22,81,178115,1,1
8,2321,81,232.150,117,1.2,1,C#4,C#4,no,Harp/Piano,泥土,7,90,178291,1,1
8,2321,81,232.146,117,1.2,2,C#5,C#5,no,Harp/Piano,泥土,19,98,178288,1,1
8,2322,82,232.151,117,1.4,1,G#3,G#3,no,Harp/Piano,泥土,2,86,178292,1,1
8,2322,82,232.155,117,1.4,2,E4,E4,no,Harp/Piano,泥土,10,83,178295,1,1
8,2322,82,232.155,117,1.4,3,G#4,G#4,no,Harp/Piano,泥土,14,87,178295,1,1
8,2323,83,232.340,117,1.6,1,E3,E3,no,Double Bass,橡木木板,22,75,178437,1,1
8,2325,85,232.544,117,2.0,1,A2,A2,no,Double Bass,橡木木板,15,80,178594,1,1
8,2328,88,232.755,117,2.6,1,E3,E3,no,Double Bass,橡木木板,22,78,178756,1,1
8,2330,90,232.984,117,3.0,1,G#1,G#1,no,Double Bass,橡木木板,2,87,178932,1,1
8,2330,90,232.990,117,3.0,2,G#2,G#2,no,Double Bass,橡木木板,14,94,178936,1,1
8,2330,90,232.996,117,3.0,3,C4,C4,no,Harp/Piano,泥土,6,86,178941,1,1
8,2330,90,232.995,117,3.0,4,D#4,D#4,no,Harp/Piano,泥土,9,90,178940,1,1
8,2330,90,232.995,117,3.0,5,F#4,F#4,no,Harp/Piano,泥土,12,88,178940,1,1
8,2330,90,232.983,117,3.0,6,B4,B4,no,Harp/Piano,泥土,17,99,178931,1,1
8,2334,94,233.400,117,3.8,1,G#2,G#2,no,Double Bass,橡木木板,14,81,179251,1,1
8,2336,96,233.589,117,4.2,1,D#3,D#3,no,Double Bass,橡木木板,21,74,179396,1,1
8,2338,98,233.815,117,4.6,1,F#3,F#3,no,Harp/Piano,泥土,0,85,179570,1,1
8,2338,98,233.812,117,4.6,2,C4,C4,no,Harp/Piano,泥土,6,76,179568,1,1
8,2338,98,233.810,117,4.6,3,D#4,D#4,no,Harp/Piano,泥土,9,92,179566,1,1
8,2338,98,233.809,117,4.6,4,F#4,F#4,no,Harp/Piano,泥土,12,94,179565,1,1
8,2338,98,233.806,117,4.6,5,A4,A4,no,Harp/Piano,泥土,15,97,179563,1,1
8,2340,100,234.013,118,1.0,1,D#3,D#3,no,Double Bass,橡木木板,21,75,179722,1,1
8,2341,101,234.086,118,1.2,1,F#5,F#5,no,Harp/Piano,泥土,24,107,179778,1,1
8,2341,101,234.085,118,1.2,2,F#6,F#6,no,Chime,浮冰,12,107,179777,1,1
8,2342,102,234.247,118,1.4,1,G#2,G#2,no,Double Bass,橡木木板,14,87,179902,1,1
8,2344,104,234.413,118,1.8,1,D#3,D#3,no,Double Bass,橡木木板,21,84,180029,1,1
8,2344,104,234.396,118,1.8,2,E5,E5,no,Harp/Piano,泥土,22,96,180016,1,1
8,2344,104,234.405,118,1.8,3,C#6,C#6,no,Chime,浮冰,7,78,180023,1,1
8,2344,104,234.395,118,1.8,4,E6,E6,no,Chime,浮冰,10,101,180015,1,1
8,2347,107,234.669,118,2.4,1,C#2,C#2,no,Double Bass,橡木木板,7,93,180226,1,1
8,2347,107,234.669,118,2.4,2,C#3,C#3,no,Double Bass,橡木木板,19,101,180226,1,1
8,2347,107,234.674,118,2.4,3,B5,B5,no,Chime,浮冰,5,87,180230,1,1
8,2347,107,234.673,118,2.4,4,G6,G6,no,Chime,浮冰,13,107,180229,1,1
8,2348,108,234.773,118,2.6,1,F#6,F#6,no,Chime,浮冰,12,83,180306,1,1
8,2349,109,234.866,118,2.8,1,E6,E6,no,Chime,浮冰,10,84,180377,1,1
8,2351,111,235.074,118,3.2,1,C#2,C#2,no,Double Bass,橡木木板,7,70,180537,1,1
8,2351,111,235.072,118,3.2,2,C#3,C#3,no,Double Bass,橡木木板,19,80,180535,1,1
8,2352,112,235.199,118,3.4,1,D#6,D#6,no,Chime,浮冰,9,90,180633,1,1
8,2353,113,235.279,118,3.6,1,G#5,G#5,no,Chime,浮冰,2,88,180694,1,1
8,2353,113,235.276,118,3.6,2,B5,B5,no,Chime,浮冰,5,90,180692,1,1
8,2353,113,235.267,118,3.6,3,E6,E6,no,Chime,浮冰,10,99,180685,1,1
8,2355,115,235.475,118,4.0,1,B3,B3,no,Harp/Piano,泥土,5,99,180845,1,1
8,2355,115,235.475,118,4.0,2,E4,E4,no,Harp/Piano,泥土,10,100,180845,1,1
8,2358,118,235.758,118,4.6,1,C#2,C#2,no,Double Bass,橡木木板,7,104,181062,1,1
8,2358,118,235.760,118,4.6,2,C#3,C#3,no,Double Bass,橡木木板,19,100,181064,1,1
8,2359,119,235.905,118,4.8,1,A6,A6,no,Chime,浮冰,15,84,181175,1,1
8,2360,120,236.046,119,1.0,1,C2,C2,no,Double Bass,橡木木板,6,100,181283,1,1
8,2360,120,236.043,119,1.0,2,C3,C3,no,Double Bass,橡木木板,18,104,181281,1,1
8,2360,120,236.046,119,1.0,3,B5,B5,no,Chime,浮冰,5,98,181283,1,1
8,2360,120,235.975,119,1.0,4,A#6,A#6,no,Chime,浮冰,16,79,181229,1,1
8,2360,120,236.044,119,1.0,5,B6,B6,no,Chime,浮冰,17,101,181282,1,1
8,2364,124,236.358,119,1.8,1,B1,B1,no,Double Bass,橡木木板,5,90,181523,1,1
8,2364,124,236.355,119,1.8,2,B2,B2,no,Double Bass,橡木木板,17,98,181521,1,1
8,2365,125,236.547,119,2.0,1,A6,A6,no,Chime,浮冰,15,93,181668,1,1
8,2366,126,236.622,119,2.2,1,B6,B6,no,Chime,浮冰,17,96,181726,1,1
8,2367,127,236.715,119,2.4,1,A6,A6,no,Chime,浮冰,15,94,181797,1,1
8,2368,128,236.824,119,2.6,1,E6,E6,no,Chime,浮冰,10,84,181881,1,1
8,2368,128,236.783,119,2.6,2,G#6,G#6,no,Chime,浮冰,14,93,181849,1,1
8,2369,129,236.892,119,2.8,1,B5,B5,no,Chime,浮冰,5,72,181933,1,1
8,2370,130,237.040,119,3.0,1,G#5,G#5,no,Chime,浮冰,2,88,182047,1,1
8,2370,130,236.965,119,3.0,2,A5,A5,no,Chime,浮冰,3,94,181989,1,1
8,2371,131,237.139,119,3.2,1,E5,E5,no,Harp/Piano,泥土,22,82,182123,1,1
8,2372,132,237.215,119,3.4,1,A#1,A#1,no,Double Bass,橡木木板,4,94,182181,1,1
8,2372,132,237.216,119,3.4,2,A#2,A#2,no,Double Bass,橡木木板,16,105,182182,1,1
8,2372,132,237.224,119,3.4,3,C5,C5,no,Harp/Piano,泥土,18,84,182188,1,1
8,2372,132,237.224,119,3.4,4,D5,D5,no,Harp/Piano,泥土,20,83,182188,1,1
8,2374,134,237.367,119,3.8,1,G#4,G#4,no,Harp/Piano,泥土,14,89,182298,1,1
8,2375,135,237.486,119,4.0,1,E4,E4,no,Harp/Piano,泥土,10,85,182389,1,1
8,2376,136,237.565,119,4.2,1,G#4,G#4,no,Harp/Piano,泥土,14,84,182450,1,1
8,2377,137,237.682,119,4.4,1,C5,C5,no,Harp/Piano,泥土,18,78,182540,1,1
8,2378,138,237.763,119,4.6,1,D5,D5,no,Harp/Piano,泥土,20,82,182602,1,1
8,2379,139,237.850,119,4.8,1,E5,E5,no,Harp/Piano,泥土,22,79,182669,1,1
8,2379,139,237.906,119,4.8,2,F#5,F#5,no,Harp/Piano,泥土,24,87,182712,1,1
8,2380,140,238.044,120,1.0,1,A1,A1,no,Double Bass,橡木木板,3,90,182818,1,1
8,2380,140,238.046,120,1.0,2,A2,A2,no,Double Bass,橡木木板,15,100,182819,1,1
8,2381,141,238.059,120,1.2,1,E5,E5,no,Harp/Piano,泥土,22,93,182829,1,1
8,2381,141,238.064,120,1.2,2,G#5,G#5,no,Chime,浮冰,2,94,182833,1,1
8,2381,141,238.052,120,1.2,3,E6,E6,no,Chime,浮冰,10,102,182824,1,1
8,2384,144,238.444,120,1.8,1,A2,A2,no,Double Bass,橡木木板,15,82,183125,1,1
8,2386,146,238.630,120,2.2,1,E3,E3,no,Double Bass,橡木木板,22,68,183268,1,1
8,2389,149,238.865,120,2.8,1,G#3,G#3,no,Harp/Piano,泥土,2,80,183448,1,1
8,2389,149,238.865,120,2.8,2,C#4,C#4,no,Harp/Piano,泥土,7,83,183448,1,1
8,2389,149,238.865,120,2.8,3,F#4,F#4,no,Harp/Piano,泥土,12,89,183448,1,1
8,2389,149,238.866,120,2.8,4,B4,B4,no,Harp/Piano,泥土,17,83,183449,1,1
8,2391,151,239.059,120,3.2,1,E3,E3,no,Double Bass,橡木木板,22,80,183597,1,1
8,2391,151,239.064,120,3.2,2,C#5,C#5,no,Harp/Piano,泥土,19,92,183601,1,1
8,2393,153,239.254,120,3.6,1,A2,A2,no,Double Bass,橡木木板,15,84,183747,1,1
8,2393,153,239.257,120,3.6,2,E5,E5,no,Harp/Piano,泥土,22,92,183749,1,1
8,2394,154,239.445,120,3.8,1,E3,E3,no,Double Bass,橡木木板,22,80,183894,1,1
8,2395,155,239.479,120,4.0,1,B4,B4,no,Harp/Piano,泥土,17,76,183920,1,1
8,2396,156,239.570,120,4.2,1,C#5,C#5,no,Harp/Piano,泥土,19,86,183990,1,1
8,2397,157,239.686,120,4.4,1,G#1,G#1,no,Double Bass,橡木木板,2,85,184079,1,1
8,2397,157,239.685,120,4.4,2,G#2,G#2,no,Double Bass,橡木木板,14,94,184078,1,1
8,2397,157,239.693,120,4.4,3,F#4,F#4,no,Harp/Piano,泥土,12,87,184084,1,1
8,2397,157,239.693,120,4.4,4,C5,C5,no,Harp/Piano,泥土,18,90,184084,1,1
8,2397,157,239.689,120,4.4,5,E5,E5,no,Harp/Piano,泥土,22,92,184081,1,1
8,2401,161,240.096,121,1.2,1,G#2,G#2,no,Double Bass,橡木木板,14,90,184394,1,1
8,2403,163,240.277,121,1.6,1,D#3,D#3,no,Double Bass,橡木木板,21,79,184533,1,1
8,2405,165,240.503,121,2.0,1,F#3,F#3,no,Harp/Piano,泥土,0,87,184706,1,1
8,2405,165,240.500,121,2.0,2,C4,C4,no,Harp/Piano,泥土,6,91,184704,1,1
8,2407,167,240.698,121,2.4,1,D#3,D#3,no,Double Bass,橡木木板,21,81,184856,1,1
8,2407,167,240.702,121,2.4,2,C4,C4,no,Harp/Piano,泥土,6,82,184859,1,1
8,2407,167,240.703,121,2.4,3,F#4,F#4,no,Harp/Piano,泥土,12,92,184860,1,1
8,2407,167,240.701,121,2.4,4,C5,C5,no,Harp/Piano,泥土,18,88,184858,1,1
8,2407,167,240.698,121,2.4,5,F#5,F#5,no,Harp/Piano,泥土,24,103,184856,1,1
8,2409,169,240.913,121,2.8,1,G#2,G#2,no,Double Bass,橡木木板,14,93,185021,1,1
8,2411,171,241.105,121,3.2,1,D#3,D#3,no,Double Bass,橡木木板,21,67,185169,1,1
8,2411,171,241.113,121,3.2,2,B4,B4,no,Harp/Piano,泥土,17,79,185175,1,1
8,2412,172,241.186,121,3.4,1,C#5,C#5,no,Harp/Piano,泥土,19,88,185231,1,1
8,2412,172,241.247,121,3.4,2,E5,E5,no,Harp/Piano,泥土,22,75,185278,1,1
8,2413,173,241.324,121,3.6,1,F#1,F#1,no,Double Bass,橡木木板,0,95,185337,1,1
8,2413,173,241.326,121,3.6,2,F#2,F#2,no,Double Bass,橡木木板,12,97,185338,1,1
8,2413,173,241.327,121,3.6,3,G#5,G#5,no,Chime,浮冰,2,97,185339,1,1
8,2419,179,241.932,121,4.8,1,C#3,C#3,no,Double Bass,橡木木板,19,72,185804,1,1
8,2419,179,241.935,121,4.8,2,A4,A4,no,Harp/Piano,泥土,15,87,185806,1,1
8,2421,181,242.143,122,1.2,1,E3,E3,no,Double Bass,橡木木板,22,81,185966,1,1
8,2421,181,242.142,122,1.2,2,A3,A3,no,Harp/Piano,泥土,3,83,185965,1,1
8,2421,181,242.137,122,1.2,3,E4,E4,no,Harp/Piano,泥土,10,88,185961,1,1
8,2421,181,242.053,122,1.2,4,G#4,G#4,no,Harp/Piano,泥土,14,83,185897,1,1
8,2422,182,242.221,122,1.4,1,F#4,F#4,no,Harp/Piano,泥土,12,81,186026,1,1
8,2423,183,242.333,122,1.6,1,C#3,C#3,no,Double Bass,橡木木板,19,78,186112,1,1
8,2423,183,242.294,122,1.6,2,G#4,G#4,no,Harp/Piano,泥土,14,82,186082,1,1
8,2424,184,242.357,122,1.8,1,A4,A4,no,Harp/Piano,泥土,15,75,186130,1,1
8,2425,185,242.514,122,2.0,1,F#2,F#2,no,Double Bass,橡木木板,12,77,186251,1,1
8,2425,185,242.454,122,2.0,2,B4,B4,no,Harp/Piano,泥土,17,79,186205,1,1
8,2425,185,242.512,122,2.0,3,C#5,C#5,no,Harp/Piano,泥土,19,79,186249,1,1
8,2425,185,242.546,122,2.0,4,D#5,D#5,no,Harp/Piano,泥土,21,71,186275,1,1
8,2426,186,242.621,122,2.2,1,E5,E5,no,Harp/Piano,泥土,22,91,186333,1,1
8,2427,187,242.697,122,2.4,1,C#3,C#3,no,Double Bass,橡木木板,19,69,186391,1,1
8,2427,187,242.704,122,2.4,2,F#5,F#5,no,Harp/Piano,泥土,24,90,186397,1,1
8,2428,188,242.755,122,2.6,1,G#5,G#5,no,Chime,浮冰,2,85,186436,1,1
8,2428,188,242.803,122,2.6,2,A5,A5,no,Chime,浮冰,3,94,186473,1,1
8,2429,189,242.947,122,2.8,1,G#2,G#2,no,Double Bass,橡木木板,14,100,186583,1,1
8,2429,189,242.947,122,2.8,2,B5,B5,no,Chime,浮冰,5,102,186583,1,1
8,2430,190,242.953,122,3.0,1,G#1,G#1,no,Double Bass,橡木木板,2,93,186588,1,1
8,2430,190,242.965,122,3.0,2,C5,C5,no,Harp/Piano,泥土,18,79,186597,1,1
8,2430,190,242.960,122,3.0,3,D#5,D#5,no,Harp/Piano,泥土,21,83,186593,1,1
8,2430,190,242.964,122,3.0,4,F#5,F#5,no,Harp/Piano,泥土,24,87,186596,1,1
8,2433,193,243.336,122,3.6,1,G#2,G#2,no,Double Bass,橡木木板,14,82,186882,1,1
8,2435,195,243.549,122,4.0,1,C4,C4,no,Harp/Piano,泥土,6,90,187046,1,1
8,2436,196,243.553,122,4.2,1,F#3,F#3,no,Harp/Piano,泥土,0,88,187049,1,1
8,2438,198,243.777,122,4.6,1,C5,C5,no,Harp/Piano,泥土,18,90,187221,1,1
8,2438,198,243.779,122,4.6,2,D#5,D#5,no,Harp/Piano,泥土,21,88,187222,1,1
8,2438,198,243.777,122,4.6,3,F#5,F#5,no,Harp/Piano,泥土,24,93,187221,1,1
8,2438,198,243.773,122,4.6,4,A5,A5,no,Chime,浮冰,3,101,187218,1,1
8,2440,200,243.953,123,1.0,1,D#3,D#3,no,Double Bass,橡木木板,21,84,187356,1,1
8,2442,202,244.152,123,1.4,1,G#2,G#2,no,Double Bass,橡木木板,14,91,187509,1,1
8,2444,204,244.361,123,1.8,1,B5,B5,no,Chime,浮冰,5,97,187669,1,1
8,2445,205,244.473,123,2.0,1,A5,A5,no,Chime,浮冰,3,88,187755,1,1
8,2446,206,244.572,123,2.2,1,A1,A1,no,Double Bass,橡木木板,3,88,187831,1,1
8,2446,206,244.574,123,2.2,2,A2,A2,no,Double Bass,橡木木板,15,95,187833,1,1
8,2446,206,244.589,123,2.2,3,C#5,C#5,no,Harp/Piano,泥土,19,90,187844,1,1
8,2446,206,244.573,123,2.2,4,E5,E5,no,Harp/Piano,泥土,22,83,187832,1,1
8,2446,206,244.578,123,2.2,5,G#5,G#5,no,Chime,浮冰,2,96,187836,1,1
8,2450,210,244.965,123,3.0,1,A2,A2,no,Double Bass,橡木木板,15,89,188133,1,1
8,2452,212,245.173,123,3.4,1,E3,E3,no,Double Bass,橡木木板,22,88,188293,1,1
8,2452,212,245.206,123,3.4,2,E5,E5,no,Harp/Piano,泥土,22,94,188318,1,1
8,2452,212,245.204,123,3.4,3,G#5,G#5,no,Chime,浮冰,2,96,188317,1,1
8,2452,212,245.197,123,3.4,4,E6,E6,no,Chime,浮冰,10,99,188311,1,1
8,2454,214,245.382,123,3.8,1,G#3,G#3,no,Harp/Piano,泥土,2,90,188453,1,1
8,2454,214,245.383,123,3.8,2,C#4,C#4,no,Harp/Piano,泥土,7,84,188454,1,1
8,2456,216,245.590,123,4.2,1,B4,B4,no,Harp/Piano,泥土,17,90,188613,1,1
8,2456,216,245.586,123,4.2,2,B5,B5,no,Chime,浮冰,5,96,188610,1,1
8,2458,218,245.757,123,4.6,1,E3,E3,no,Double Bass,橡木木板,22,87,188741,1,1
8,2458,218,245.794,123,4.6,2,C#5,C#5,no,Harp/Piano,泥土,19,94,188770,1,1
8,2458,218,245.792,123,4.6,3,C#6,C#6,no,Chime,浮冰,7,96,188768,1,1
8,2459,219,245.936,123,4.8,1,A2,A2,no,Double Bass,橡木木板,15,81,188879,1,1
8,2460,220,245.993,124,1.0,1,E5,E5,no,Harp/Piano,泥土,22,96,188923,1,1
8,2460,220,245.995,124,1.0,2,G#5,G#5,no,Chime,浮冰,2,93,188924,1,1
8,2460,220,245.986,124,1.0,3,E6,E6,no,Chime,浮冰,10,98,188917,1,1
8,2462,222,246.163,124,1.4,1,G#1,G#1,no,Double Bass,橡木木板,2,89,189053,1,1
8,2462,222,246.164,124,1.4,2,G#2,G#2,no,Double Bass,橡木木板,14,100,189054,1,1
8,2464,224,246.392,124,1.8,1,B4,B4,no,Harp/Piano,泥土,17,89,189229,1,1
8,2464,224,246.388,124,1.8,2,B5,B5,no,Chime,浮冰,5,96,189226,1,1
8,2466,226,246.576,124,2.2,1,G#1,G#1,no,Double Bass,橡木木板,2,69,189370,1,1
8,2466,226,246.570,124,2.2,2,G#2,G#2,no,Double Bass,橡木木板,14,90,189366,1,1
8,2466,226,246.591,124,2.2,3,C#5,C#5,no,Harp/Piano,泥土,19,85,189382,1,1
8,2466,226,246.581,124,2.2,4,C#6,C#6,no,Chime,浮冰,7,93,189374,1,1
8,2468,228,246.755,124,2.6,1,D#3,D#3,no,Double Bass,橡木木板,21,78,189508,1,1
8,2468,228,246.789,124,2.6,2,E5,E5,no,Harp/Piano,泥土,22,96,189534,1,1
8,2468,228,246.786,124,2.6,3,G#5,G#5,no,Chime,浮冰,2,97,189532,1,1
8,2468,228,246.783,124,2.6,4,E6,E6,no,Chime,浮冰,10,101,189529,1,1
8,2470,230,246.960,124,3.0,1,F#3,F#3,no,Harp/Piano,泥土,0,91,189665,1,1
8,2470,230,246.957,124,3.0,2,C4,C4,no,Harp/Piano,泥土,6,84,189663,1,1
8,2472,232,247.194,124,3.4,1,F#5,F#5,no,Harp/Piano,泥土,24,104,189845,1,1
8,2472,232,247.210,124,3.4,2,C#6,C#6,no,Chime,浮冰,7,67,189857,1,1
8,2472,232,247.194,124,3.4,3,F#6,F#6,no,Chime,浮冰,12,108,189845,1,1
8,2474,234,247.359,124,3.8,1,D#3,D#3,no,Double Bass,橡木木板,21,80,189972,1,1
8,2475,235,247.549,124,4.0,1,G#1,G#1,no,Double Bass,橡木木板,2,71,190118,1,1
8,2475,235,247.544,124,4.0,2,G#2,G#2,no,Double Bass,橡木木板,14,84,190114,1,1
8,2475,235,247.509,124,4.0,3,E5,E5,no,Harp/Piano,泥土,22,97,190087,1,1
8,2475,235,247.523,124,4.0,4,C#6,C#6,no,Chime,浮冰,7,70,190098,1,1
8,2475,235,247.504,124,4.0,5,E6,E6,no,Chime,浮冰,10,101,190083,1,1
8,2478,238,247.768,124,4.6,1,C#2,C#2,no,Double Bass,橡木木板,7,102,190286,1,1
8,2478,238,247.773,124,4.6,2,C#3,C#3,no,Double Bass,橡木木板,19,102,190290,1,1
8,2478,238,247.775,124,4.6,3,G#5,G#5,no,Chime,浮冰,2,105,190291,1,1
8,2478,238,247.773,124,4.6,4,B5,B5,no,Chime,浮冰,5,100,190290,1,1
8,2478,238,247.775,124,4.6,5,G#6,G#6,no,Chime,浮冰,14,109,190291,1,1
8,2480,240,248.035,125,1.0,1,G#5,G#5,no,Chime,浮冰,2,85,190491,1,1
8,2480,240,248.034,125,1.0,2,B5,B5,no,Chime,浮冰,5,91,190490,1,1
8,2481,241,248.142,125,1.2,1,G#6,G#6,no,Chime,浮冰,14,88,190573,1,1
8,2482,242,248.191,125,1.4,1,G#5,G#5,no,Chime,浮冰,2,83,190611,1,1
8,2482,242,248.194,125,1.4,2,B5,B5,no,Chime,浮冰,5,77,190613,1,1
8,2482,242,248.249,125,1.4,3,G#6,G#6,no,Chime,浮冰,14,90,190655,1,1
8,2483,243,248.315,125,1.6,1,G#5,G#5,no,Chime,浮冰,2,83,190706,1,1
8,2483,243,248.314,125,1.6,2,B5,B5,no,Chime,浮冰,5,88,190705,1,1
8,2484,244,248.405,125,1.8,1,G#3,G#3,no,Harp/Piano,泥土,2,72,190775,1,1
8,2484,244,248.434,125,1.8,2,G#5,G#5,no,Chime,浮冰,2,85,190797,1,1
8,2484,244,248.432,125,1.8,3,B5,B5,no,Chime,浮冰,5,72,190796,1,1
8,2484,244,248.375,125,1.8,4,G#6,G#6,no,Chime,浮冰,14,100,190752,1,1
8,2486,246,248.586,125,2.2,1,B3,B3,no,Harp/Piano,泥土,5,95,190914,1,1
8,2486,246,248.586,125,2.2,2,E4,E4,no,Harp/Piano,泥土,10,97,190914,1,1
8,2486,246,248.557,125,2.2,3,G#5,G#5,no,Chime,浮冰,2,88,190892,1,1
8,2486,246,248.564,125,2.2,4,G#6,G#6,no,Chime,浮冰,14,105,190897,1,1
8,2489,249,248.872,125,2.8,1,C#2,C#2,no,Double Bass,橡木木板,7,100,191134,1,1
8,2489,249,248.874,125,2.8,2,C#3,C#3,no,Double Bass,橡木木板,19,102,191135,1,1
8,2489,249,248.878,125,2.8,3,B5,B5,no,Chime,浮冰,5,103,191138,1,1
8,2489,249,248.915,125,2.8,4,A6,A6,no,Chime,浮冰,15,59,191167,1,1
8,2489,249,248.879,125,2.8,5,B6,B6,no,Chime,浮冰,17,100,191139,1,1
8,2492,252,249.184,125,3.4,1,C2,C2,no,Double Bass,橡木木板,6,98,191373,1,1
8,2492,252,249.184,125,3.4,2,C3,C3,no,Double Bass,橡木木板,18,101,191373,1,1
8,2492,252,249.184,125,3.4,3,B5,B5,no,Chime,浮冰,5,103,191373,1,1
8,2492,252,249.184,125,3.4,4,B6,B6,no,Chime,浮冰,17,103,191373,1,1
8,2495,255,249.471,125,4.0,1,B1,B1,no,Double Bass,橡木木板,5,96,191594,1,1
8,2495,255,249.466,125,4.0,2,B2,B2,no,Double Bass,橡木木板,17,106,191590,1,1
8,2495,255,249.466,125,4.0,3,B5,B5,no,Chime,浮冰,5,106,191590,1,1
8,2495,255,249.466,125,4.0,4,B6,B6,no,Chime,浮冰,17,106,191590,1,1
8,2497,257,249.685,125,4.4,1,C#7,C#7,no,Chime,浮冰,19,93,191758,1,1
8,2498,258,249.815,125,4.6,1,C#7,C#7,no,Chime,浮冰,19,94,191858,1,1
8,2498,258,249.763,125,4.6,2,E7,E7,no,Chime,浮冰,22,92,191818,1,1
8,2499,259,249.915,125,4.8,1,E7,E7,no,Chime,浮冰,22,92,191935,1,1
8,2500,260,250.025,126,1.0,1,B6,B6,no,Chime,浮冰,17,97,192019,1,1
8,2500,260,249.964,126,1.0,2,C#7,C#7,no,Chime,浮冰,19,94,191972,1,1
8,2501,261,250.115,126,1.2,1,G6,G6,no,Chime,浮冰,13,94,192088,1,1
8,2502,262,250.225,126,1.4,1,G#6,G#6,no,Chime,浮冰,14,92,192173,1,1
8,2503,263,250.277,126,1.6,1,A#1,A#1,no,Double Bass,橡木木板,4,95,192213,1,1
8,2503,263,250.275,126,1.6,2,A#2,A#2,no,Double Bass,橡木木板,16,106,192211,1,1
8,2503,263,250.294,126,1.6,3,B6,B6,no,Chime,浮冰,17,92,192226,1,1
8,2504,264,250.418,126,1.8,1,E6,E6,no,Chime,浮冰,10,86,192321,1,1
8,2504,264,250.371,126,1.8,2,G#6,G#6,no,Chime,浮冰,14,79,192285,1,1
8,2505,265,250.512,126,2.0,1,C6,C6,no,Chime,浮冰,6,86,192393,1,1
8,2506,266,250.615,126,2.2,1,C#6,C#6,no,Chime,浮冰,7,87,192472,1,1
8,2507,267,250.693,126,2.4,1,E6,E6,no,Chime,浮冰,10,98,192532,1,1
8,2508,268,250.832,126,2.6,1,B5,B5,no,Chime,浮冰,5,88,192639,1,1
8,2508,268,250.775,126,2.6,2,C#6,C#6,no,Chime,浮冰,7,81,192595,1,1
8,2509,269,250.922,126,2.8,1,G5,G5,no,Chime,浮冰,1,86,192708,1,1
8,2510,270,251.035,126,3.0,1,G#5,G#5,no,Chime,浮冰,2,81,192795,1,1
8,2511,271,251.085,126,3.2,1,A1,A1,no,Double Bass,橡木木板,3,89,192833,1,1
8,2511,271,251.085,126,3.2,2,A2,A2,no,Double Bass,橡木木板,15,96,192833,1,1
8,2511,271,251.091,126,3.2,3,B5,B5,no,Chime,浮冰,5,94,192838,1,1
8,2512,272,251.232,126,3.4,1,E5,E5,no,Harp/Piano,泥土,22,78,192946,1,1
8,2512,272,251.173,126,3.4,2,G#5,G#5,no,Chime,浮冰,2,87,192901,1,1
8,2513,273,251.314,126,3.6,1,C5,C5,no,Harp/Piano,泥土,18,83,193009,1,1
8,2514,274,251.421,126,3.8,1,C#5,C#5,no,Harp/Piano,泥土,19,84,193091,1,1
8,2515,275,251.483,126,4.0,1,A1,A1,no,Double Bass,橡木木板,3,73,193139,1,1
8,2515,275,251.483,126,4.0,2,A2,A2,no,Double Bass,橡木木板,15,85,193139,1,1
8,2515,275,251.490,126,4.0,3,E5,E5,no,Harp/Piano,泥土,22,81,193144,1,1
8,2516,276,251.621,126,4.2,1,B4,B4,no,Harp/Piano,泥土,17,80,193245,1,1
8,2516,276,251.555,126,4.2,2,C#5,C#5,no,Harp/Piano,泥土,19,79,193194,1,1
8,2517,277,251.716,126,4.4,1,E3,E3,no,Double Bass,橡木木板,22,73,193318,1,1
8,2517,277,251.693,126,4.4,2,G4,G4,no,Harp/Piano,泥土,13,88,193300,1,1
8,2518,278,251.807,126,4.6,1,G#4,G#4,no,Harp/Piano,泥土,14,74,193388,1,1
8,2519,279,251.896,126,4.8,1,G#3,G#3,no,Harp/Piano,泥土,2,87,193456,1,1
8,2519,279,251.905,126,4.8,2,C#4,C#4,no,Harp/Piano,泥土,7,82,193463,1,1
8,2519,279,251.911,126,4.8,3,G#4,G#4,no,Harp/Piano,泥土,14,81,193468,1,1
8,2519,279,251.880,126,4.8,4,B4,B4,no,Harp/Piano,泥土,17,88,193444,1,1
8,2520,280,252.023,127,1.0,1,E4,E4,no,Harp/Piano,泥土,10,74,193554,1,1
8,2521,281,252.059,127,1.2,1,D4,D4,no,Harp/Piano,泥土,8,64,193581,1,1
8,2521,281,252.129,127,1.2,2,F#4,F#4,no,Harp/Piano,泥土,12,84,193635,1,1
8,2522,282,252.241,127,1.4,1,G4,G4,no,Harp/Piano,泥土,13,88,193721,1,1
8,2523,283,252.341,127,1.6,1,E3,E3,no,Double Bass,橡木木板,22,82,193798,1,1
8,2523,283,252.346,127,1.6,2,G#4,G#4,no,Harp/Piano,泥土,14,99,193802,1,1
8,2525,285,252.503,127,2.0,1,A2,A2,no,Double Bass,橡木木板,15,79,193922,1,1
8,2525,285,252.482,127,2.0,2,B4,B4,no,Harp/Piano,泥土,17,91,193906,1,1
8,2526,286,252.591,127,2.2,1,C#5,C#5,no,Harp/Piano,泥土,19,92,193990,1,1
8,2527,287,252.734,127,2.4,1,G#1,G#1,no,Double Bass,橡木木板,2,93,194100,1,1
8,2527,287,252.733,127,2.4,2,G#2,G#2,no,Double Bass,橡木木板,14,97,194099,1,1
8,2527,287,252.730,127,2.4,3,D#5,D#5,no,Harp/Piano,泥土,21,97,194097,1,1
8,2528,288,252.839,127,2.6,1,B4,B4,no,Harp/Piano,泥土,17,85,194180,1,1
8,2530,290,252.980,127,3.0,1,G#4,G#4,no,Harp/Piano,泥土,14,90,194289,1,1
8,2531,291,253.094,127,3.2,1,G4,G4,no,Harp/Piano,泥土,13,80,194376,1,1
8,2532,292,253.174,127,3.4,1,G#2,G#2,no,Double Bass,橡木木板,14,88,194438,1,1
8,2532,292,253.180,127,3.4,2,F#4,F#4,no,Harp/Piano,泥土,12,74,194442,1,1
8,2533,293,253.310,127,3.6,1,C#5,C#5,no,Harp/Piano,泥土,19,99,194542,1,1
8,2534,294,253.352,127,3.8,1,D#3,D#3,no,Double Bass,橡木木板,21,73,194574,1,1
8,2534,294,253.438,127,3.8,2,D#5,D#5,no,Harp/Piano,泥土,21,86,194640,1,1
8,2536,296,253.555,127,4.2,1,F#3,F#3,no,Harp/Piano,泥土,0,93,194730,1,1
8,2536,296,253.553,127,4.2,2,B3,B3,no,Harp/Piano,泥土,5,95,194729,1,1
8,2536,296,253.552,127,4.2,3,F#5,F#5,no,Harp/Piano,泥土,24,103,194728,1,1
8,2537,297,253.676,127,4.4,1,D#5,D#5,no,Harp/Piano,泥土,21,89,194823,1,1
8,2538,298,253.792,127,4.6,1,C#5,C#5,no,Harp/Piano,泥土,19,85,194912,1,1
8,2539,299,253.872,127,4.8,1,C5,C5,no,Harp/Piano,泥土,18,81,194974,1,1
8,2540,300,253.974,128,1.0,1,D#3,D#3,no,Double Bass,橡木木板,21,92,195052,1,1
8,2540,300,253.977,128,1.0,2,B4,B4,no,Harp/Piano,泥土,17,88,195054,1,1
8,2541,301,254.147,128,1.2,1,G#2,G#2,no,Double Bass,橡木木板,14,90,195185,1,1
8,2541,301,254.100,128,1.2,2,D#5,D#5,no,Harp/Piano,泥土,21,90,195149,1,1
8,2542,302,254.225,128,1.4,1,F#5,F#5,no,Harp/Piano,泥土,24,91,195245,1,1
8,2544,304,254.405,128,1.8,1,F#1,F#1,no,Double Bass,橡木木板,0,100,195383,1,1
8,2544,304,254.406,128,1.8,2,F#2,F#2,no,Double Bass,橡木木板,12,98,195384,1,1
8,2544,304,254.404,128,1.8,3,B4,B4,no,Harp/Piano,泥土,17,92,195382,1,1
8,2544,304,254.397,128,1.8,4,E5,E5,no,Harp/Piano,泥土,22,92,195377,1,1
8,2544,304,254.393,128,1.8,5,B5,B5,no,Chime,浮冰,5,104,195374,1,1
8,2548,308,254.823,128,2.6,1,F#2,F#2,no,Double Bass,橡木木板,12,93,195704,1,1
8,2550,310,255.016,128,3.0,1,C#3,C#3,no,Double Bass,橡木木板,19,86,195852,1,1
8,2553,313,255.254,128,3.6,1,E3,E3,no,Double Bass,橡木木板,22,81,196035,1,1
8,2553,313,255.255,128,3.6,2,A4,A4,no,Harp/Piano,泥土,15,95,196036,1,1
8,2553,313,255.257,128,3.6,3,C#5,C#5,no,Harp/Piano,泥土,19,94,196037,1,1
8,2553,313,255.258,128,3.6,4,E5,E5,no,Harp/Piano,泥土,22,93,196038,1,1
8,2553,313,255.254,128,3.6,5,A5,A5,no,Chime,浮冰,3,101,196035,1,1
8,2555,315,255.475,128,4.0,1,A3,A3,no,Harp/Piano,泥土,3,84,196205,1,1
8,2557,317,255.682,128,4.4,1,C#4,C#4,no,Harp/Piano,泥土,7,102,196364,1,1
8,2559,319,255.889,128,4.8,1,E4,E4,no,Harp/Piano,泥土,10,92,196523,1,1
9,2562,2,256.176,129,1.4,1,E1,E2,yes,Double Bass,橡木木板,10,93,196743,1,1
9,2562,2,256.174,129,1.4,2,D5,D5,no,Harp/Piano,泥土,20,91,196742,1,1
9,2562,2,256.164,129,1.4,3,E5,E5,no,Harp/Piano,泥土,22,99,196734,1,1
9,2562,2,256.160,129,1.4,4,F#5,F#5,no,Harp/Piano,泥土,24,102,196731,1,1
9,2562,2,256.164,129,1.4,5,A5,A5,no,Chime,浮冰,3,99,196734,1,1
9,2562,2,256.155,129,1.4,6,E6,E6,no,Chime,浮冰,10,106,196727,1,1
9,2566,6,256.643,129,2.2,1,E3,E3,no,Double Bass,橡木木板,22,88,197102,1,1
9,2566,6,256.642,129,2.2,2,F#3,F#3,no,Harp/Piano,泥土,0,91,197101,1,1
9,2566,6,256.642,129,2.2,3,A3,A3,no,Harp/Piano,泥土,3,85,197101,1,1
9,2572,12,257.176,129,3.4,1,A3,A3,no,Harp/Piano,泥土,3,88,197511,1,1
9,2572,12,257.174,129,3.4,2,D4,D4,no,Harp/Piano,泥土,8,94,197510,1,1
9,2572,12,257.177,129,3.4,3,F#5,F#5,no,Harp/Piano,泥土,24,100,197512,1,1
9,2572,12,257.178,129,3.4,4,A5,A5,no,Chime,浮冰,3,91,197513,1,1
9,2572,12,257.176,129,3.4,5,D6,D6,no,Chime,浮冰,8,97,197511,1,1
9,2572,12,257.172,129,3.4,6,F#6,F#6,no,Chime,浮冰,12,107,197508,1,1
9,2578,18,257.776,129,4.6,1,D4,D4,no,Harp/Piano,泥土,8,91,197972,1,1
9,2578,18,257.775,129,4.6,2,F#4,F#4,no,Harp/Piano,泥土,12,89,197971,1,1
9,2587,27,258.745,130,2.4,1,D1,D2,yes,Double Bass,橡木木板,8,100,198716,1,1
9,2593,33,259.316,130,3.6,1,D3,D3,no,Double Bass,橡木木板,20,69,199155,1,1
9,2594,34,259.413,130,3.8,1,F#3,F#3,no,Harp/Piano,泥土,0,77,199229,1,1
9,2595,35,259.467,130,4.0,1,A3,A3,no,Harp/Piano,泥土,3,76,199271,1,1
9,2596,36,259.565,130,4.2,1,C4,C4,no,Harp/Piano,泥土,6,74,199346,1,1
9,2597,37,259.677,130,4.4,1,E4,E4,no,Harp/Piano,泥土,10,90,199432,1,1
9,2599,39,259.896,130,4.8,1,G#4,G#4,no,Harp/Piano,泥土,14,104,199600,1,1
9,2599,39,259.905,130,4.8,2,B5,B5,no,Chime,浮冰,5,96,199607,1,1
9,2599,39,259.900,130,4.8,3,B6,B6,no,Chime,浮冰,17,99,199603,1,1
9,2603,43,260.281,131,1.6,1,B5,B5,no,Chime,浮冰,5,71,199896,1,1
9,2605,45,260.474,131,2.0,1,B6,B6,no,Chime,浮冰,17,79,200044,1,1
9,2606,46,260.608,131,2.2,1,B5,B5,no,Chime,浮冰,5,70,200147,1,1
9,2607,47,260.732,131,2.4,1,B6,B6,no,Chime,浮冰,17,79,200242,1,1
9,2608,48,260.846,131,2.6,1,B5,B5,no,Chime,浮冰,5,65,200330,1,1
9,2609,49,260.947,131,2.8,1,B6,B6,no,Chime,浮冰,17,76,200407,1,1
9,2610,50,261.042,131,3.0,1,B5,B5,no,Chime,浮冰,5,71,200480,1,1
9,2611,51,261.132,131,3.2,1,B6,B6,no,Chime,浮冰,17,73,200549,1,1
9,2612,52,261.220,131,3.4,1,B5,B5,no,Chime,浮冰,5,73,200617,1,1
9,2613,53,261.294,131,3.6,1,B6,B6,no,Chime,浮冰,17,72,200674,1,1
9,2614,54,261.375,131,3.8,1,B5,B5,no,Chime,浮冰,5,71,200736,1,1
9,2615,55,261.536,131,4.0,1,B5,B5,no,Chime,浮冰,5,74,200860,1,1
9,2615,55,261.452,131,4.0,2,B6,B6,no,Chime,浮冰,17,71,200795,1,1
9,2616,56,261.620,131,4.2,1,B6,B6,no,Chime,浮冰,17,71,200924,1,1
9,2617,57,261.693,131,4.4,1,B5,B5,no,Chime,浮冰,5,72,200980,1,1
9,2618,58,261.848,131,4.6,1,E3,E3,no,Double Bass,橡木木板,22,63,201099,1,1
9,2618,58,261.781,131,4.6,2,B6,B6,no,Chime,浮冰,17,68,201048,1,1
9,2619,59,261.880,131,4.8,1,B5,B5,no,Chime,浮冰,5,70,201124,1,1
9,2620,60,261.956,132,1.0,1,B6,B6,no,Chime,浮冰,17,68,201182,1,1
9,2621,61,262.116,132,1.2,1,F#3,F#3,no,Harp/Piano,泥土,0,64,201305,1,1
9,2621,61,262.052,132,1.2,2,B5,B5,no,Chime,浮冰,5,70,201256,1,1
9,2621,61,262.146,132,1.2,3,B6,B6,no,Chime,浮冰,17,72,201328,1,1
9,2622,62,262.245,132,1.4,1,G#3,G#3,no,Harp/Piano,泥土,2,60,201404,1,1
9,2623,63,262.342,132,1.6,1,A3,A3,no,Harp/Piano,泥土,3,60,201479,1,1
9,2623,63,262.251,132,1.6,2,B5,B5,no,Chime,浮冰,5,68,201409,1,1
9,2623,63,262.348,132,1.6,3,B6,B6,no,Chime,浮冰,17,70,201483,1,1
9,2624,64,262.413,132,1.8,1,B3,B3,no,Harp/Piano,泥土,5,57,201533,1,1
9,2624,64,262.449,132,1.8,2,B5,B5,no,Chime,浮冰,5,72,201561,1,1
9,2625,65,262.535,132,2.0,1,C4,C4,no,Harp/Piano,泥土,6,65,201627,1,1
9,2625,65,262.535,132,2.0,2,B6,B6,no,Chime,浮冰,17,67,201627,1,1
9,2626,66,262.624,132,2.2,1,B5,B5,no,Chime,浮冰,5,65,201695,1,1
9,2627,67,262.664,132,2.4,1,D4,D4,no,Harp/Piano,泥土,8,58,201726,1,1
9,2627,67,262.717,132,2.4,2,B6,B6,no,Chime,浮冰,17,69,201767,1,1
9,2628,68,262.754,132,2.6,1,E4,E4,no,Harp/Piano,泥土,10,75,201795,1,1
9,2628,68,262.798,132,2.6,2,B5,B5,no,Chime,浮冰,5,68,201829,1,1
9,2629,69,262.874,132,2.8,1,F#4,F#4,no,Harp/Piano,泥土,12,64,201887,1,1
9,2629,69,262.872,132,2.8,2,B6,B6,no,Chime,浮冰,17,72,201886,1,1
9,2630,70,262.965,132,3.0,1,G#4,G#4,no,Harp/Piano,泥土,14,75,201957,1,1
9,2630,70,262.971,132,3.0,2,B5,B5,no,Chime,浮冰,5,69,201962,1,1
9,2630,70,263.039,132,3.0,3,B6,B6,no,Chime,浮冰,17,67,202014,1,1
9,2631,71,263.064,132,3.2,1,E4,E4,no,Harp/Piano,泥土,10,69,202033,1,1
9,2631,71,263.143,132,3.2,2,F#4,F#4,no,Harp/Piano,泥土,12,58,202094,1,1
9,2631,71,263.115,132,3.2,3,B5,B5,no,Chime,浮冰,5,72,202072,1,1
9,2632,72,263.210,132,3.4,1,G#4,G#4,no,Harp/Piano,泥土,14,76,202145,1,1
9,2632,72,263.198,132,3.4,2,B6,B6,no,Chime,浮冰,17,70,202136,1,1
9,2633,73,263.309,132,3.6,1,A4,A4,no,Harp/Piano,泥土,15,69,202221,1,1
9,2633,73,263.273,132,3.6,2,B5,B5,no,Chime,浮冰,5,74,202194,1,1
9,2634,74,263.382,132,3.8,1,B4,B4,no,Harp/Piano,泥土,17,72,202277,1,1
9,2634,74,263.449,132,3.8,2,B5,B5,no,Chime,浮冰,5,76,202329,1,1
9,2634,74,263.367,132,3.8,3,B6,B6,no,Chime,浮冰,17,72,202266,1,1
9,2635,75,263.535,132,4.0,1,C5,C5,no,Harp/Piano,泥土,18,66,202395,1,1
9,2635,75,263.540,132,4.0,2,B6,B6,no,Chime,浮冰,17,72,202399,1,1
9,2637,77,263.655,132,4.4,1,D5,D5,no,Harp/Piano,泥土,20,59,202487,1,1
9,2637,77,263.746,132,4.4,2,E5,E5,no,Harp/Piano,泥土,22,75,202557,1,1
9,2637,77,263.655,132,4.4,3,B5,B5,no,Chime,浮冰,5,74,202487,1,1
9,2637,77,263.746,132,4.4,4,B6,B6,no,Chime,浮冰,17,68,202557,1,1
9,2638,78,263.831,132,4.6,1,B5,B5,no,Chime,浮冰,5,64,202622,1,1
9,2639,79,263.884,132,4.8,1,F#5,F#5,no,Harp/Piano,泥土,24,70,202663,1,1
9,2640,80,263.982,133,1.0,1,G#5,G#5,no,Chime,浮冰,2,75,202738,1,1
9,2640,80,263.980,133,1.0,2,B6,B6,no,Chime,浮冰,17,66,202737,1,1
9,2641,81,264.122,133,1.2,1,E5,E5,no,Harp/Piano,泥土,22,56,202846,1,1
9,2642,82,264.225,133,1.4,1,F#5,F#5,no,Harp/Piano,泥土,24,63,202925,1,1
9,2643,83,264.271,133,1.6,1,G#5,G#5,no,Chime,浮冰,2,60,202960,1,1
9,2644,84,264.400,133,1.8,1,A5,A5,no,Chime,浮冰,3,57,203059,1,1
9,2645,85,264.505,133,2.0,1,B5,B5,no,Chime,浮冰,5,59,203140,1,1
9,2647,87,264.655,133,2.4,1,C6,C6,no,Chime,浮冰,6,60,203255,1,1
9,2648,88,264.822,133,2.6,1,D6,D6,no,Chime,浮冰,8,61,203383,1,1
9,2650,90,265.003,133,3.0,1,E6,E6,no,Chime,浮冰,10,63,203522,1,1
9,2652,92,265.203,133,3.4,1,F#6,F#6,no,Chime,浮冰,12,56,203676,1,1
9,2654,94,265.431,133,3.8,1,G#6,G#6,no,Chime,浮冰,14,64,203851,1,1
9,2657,97,265.734,133,4.4,1,A6,A6,no,Chime,浮冰,15,62,204084,1,1
9,2661,101,266.109,134,1.2,1,B6,B6,no,Chime,浮冰,17,58,204372,1,1
9,2677,117,267.655,134,4.4,1,D1,D2,yes,Double Bass,橡木木板,8,53,205559,1,1
9,2717,157,271.714,136,4.4,1,B0,B1,yes,Double Bass,橡木木板,5,51,208676,1,1
9,2733,173,273.318,137,3.6,1,E3,E3,no,Double Bass,橡木木板,22,49,209908,1,1
9,2740,180,273.954,138,1.0,1,A3,A3,no,Harp/Piano,泥土,3,46,210397,1,1
9,2743,183,274.315,138,1.6,1,C#4,C#4,no,Harp/Piano,泥土,7,58,210674,1,1
9,2746,186,274.579,138,2.2,1,D#4,D#4,no,Harp/Piano,泥土,9,65,210877,1,1
9,2748,188,274.819,138,2.6,1,B3,B3,no,Harp/Piano,泥土,5,63,211061,1,1
9,2750,190,275.005,138,3.0,1,F#3,F#3,no,Harp/Piano,泥土,0,68,211204,1,1
9,2752,192,275.208,138,3.4,1,G#3,G#3,no,Harp/Piano,泥土,2,68,211360,1,1
9,2754,194,275.409,138,3.8,1,B3,B3,no,Harp/Piano,泥土,5,65,211514,1,1
9,2756,196,275.576,138,4.2,1,E4,E4,no,Harp/Piano,泥土,10,73,211642,1,1
9,2758,198,275.751,138,4.6,1,F#4,F#4,no,Harp/Piano,泥土,12,68,211777,1,1
9,2759,199,275.914,138,4.8,1,C#4,C#4,no,Harp/Piano,泥土,7,72,211902,1,1
9,2761,201,276.085,139,1.2,1,A3,A3,no,Harp/Piano,泥土,3,67,212033,1,1
9,2762,202,276.223,139,1.4,1,C#4,C#4,no,Harp/Piano,泥土,7,73,212139,1,1
9,2764,204,276.358,139,1.8,1,A3,A3,no,Harp/Piano,泥土,3,53,212243,1,1
9,2764,204,276.395,139,1.8,2,E4,E4,no,Harp/Piano,泥土,10,74,212271,1,1
9,2765,205,276.542,139,2.0,1,C#4,C#4,no,Harp/Piano,泥土,7,67,212384,1,1
9,2765,205,276.518,139,2.0,2,A4,A4,no,Harp/Piano,泥土,15,76,212366,1,1
9,2767,207,276.652,139,2.4,1,D#4,D#4,no,Harp/Piano,泥土,9,79,212469,1,1
9,2767,207,276.661,139,2.4,2,B4,B4,no,Harp/Piano,泥土,17,75,212476,1,1
9,2768,208,276.777,139,2.6,1,B3,B3,no,Harp/Piano,泥土,5,71,212565,1,1
9,2768,208,276.833,139,2.6,2,F#4,F#4,no,Harp/Piano,泥土,12,74,212608,1,1
9,2769,209,276.934,139,2.8,1,F#3,F#3,no,Harp/Piano,泥土,0,79,212685,1,1
9,2769,209,276.934,139,2.8,2,D#4,D#4,no,Harp/Piano,泥土,9,71,212685,1,1
9,2771,211,277.077,139,3.2,1,A3,A3,no,Harp/Piano,泥土,3,72,212795,1,1
9,2771,211,277.083,139,3.2,2,E4,E4,no,Harp/Piano,泥土,10,75,212800,1,1
9,2772,212,277.214,139,3.4,1,C#4,C#4,no,Harp/Piano,泥土,7,84,212900,1,1
9,2772,212,277.212,139,3.4,2,A4,A4,no,Harp/Piano,泥土,15,83,212899,1,1
9,2773,213,277.339,139,3.6,1,E4,E4,no,Harp/Piano,泥土,10,77,212996,1,1
9,2773,213,277.344,139,3.6,2,C#5,C#5,no,Harp/Piano,泥土,19,89,213000,1,1
9,2775,215,277.473,139,4.0,1,F#4,F#4,no,Harp/Piano,泥土,12,81,213099,1,1
9,2775,215,277.475,139,4.0,2,D#5,D#5,no,Harp/Piano,泥土,21,86,213101,1,1
9,2776,216,277.581,139,4.2,1,D#4,D#4,no,Harp/Piano,泥土,9,80,213182,1,1
9,2776,216,277.625,139,4.2,2,B4,B4,no,Harp/Piano,泥土,17,79,213216,1,1
9,2777,217,277.732,139,4.4,1,B3,B3,no,Harp/Piano,泥土,5,76,213298,1,1
9,2777,217,277.733,139,4.4,2,F#4,F#4,no,Harp/Piano,泥土,12,80,213299,1,1
9,2779,219,277.880,139,4.8,1,G#4,G#4,no,Harp/Piano,泥土,14,77,213412,1,1
9,2780,220,277.954,140,1.0,1,E4,E4,no,Harp/Piano,泥土,10,78,213469,1,1
9,2780,220,277.993,140,1.0,2,B4,B4,no,Harp/Piano,泥土,17,84,213499,1,1
9,2781,221,278.122,140,1.2,1,G4,G4,no,Harp/Piano,泥土,13,58,213598,1,1
9,2781,221,278.111,140,1.2,2,E5,E5,no,Harp/Piano,泥土,22,79,213589,1,1
9,2782,222,278.199,140,1.4,1,A4,A4,no,Harp/Piano,泥土,15,79,213657,1,1
9,2782,222,278.197,140,1.4,2,F#5,F#5,no,Harp/Piano,泥土,24,94,213655,1,1
9,2783,223,278.290,140,1.6,1,F#4,F#4,no,Harp/Piano,泥土,12,63,213727,1,1
9,2783,223,278.326,140,1.6,2,C#5,C#5,no,Harp/Piano,泥土,19,81,213754,1,1
9,2784,224,278.400,140,1.8,1,C#4,C#4,no,Harp/Piano,泥土,7,80,213811,1,1
9,2784,224,278.423,140,1.8,2,A4,A4,no,Harp/Piano,泥土,15,80,213829,1,1
9,2785,225,278.474,140,2.0,1,E4,E4,no,Harp/Piano,泥土,10,78,213868,1,1
9,2785,225,278.527,140,2.0,2,C#5,C#5,no,Harp/Piano,泥土,19,78,213909,1,1
9,2786,226,278.586,140,2.2,1,A4,A4,no,Harp/Piano,泥土,15,76,213954,1,1
9,2786,226,278.615,140,2.2,2,E5,E5,no,Harp/Piano,泥土,22,85,213976,1,1
9,2787,227,278.719,140,2.4,1,C#5,C#5,no,Harp/Piano,泥土,19,78,214056,1,1
9,2787,227,278.715,140,2.4,2,A5,A5,no,Chime,浮冰,3,90,214053,1,1
9,2788,228,278.845,140,2.6,1,D#5,D#5,no,Harp/Piano,泥土,21,86,214153,1,1
9,2788,228,278.835,140,2.6,2,B5,B5,no,Chime,浮冰,5,96,214145,1,1
9,2789,229,278.948,140,2.8,1,B4,B4,no,Harp/Piano,泥土,17,70,214232,1,1
9,2789,229,278.949,140,2.8,2,F#5,F#5,no,Harp/Piano,泥土,24,86,214233,1,1
9,2791,231,279.064,140,3.2,1,A4,A4,no,Harp/Piano,泥土,15,73,214321,1,1
9,2791,231,279.069,140,3.2,2,B5,B5,no,Chime,浮冰,5,86,214325,1,1
9,2792,232,279.223,140,3.4,1,G4,G4,no,Harp/Piano,泥土,13,78,214443,1,1
9,2792,232,279.182,140,3.4,2,E5,E5,no,Harp/Piano,泥土,22,73,214412,1,1
9,2793,233,279.298,140,3.6,1,F5,F5,no,Harp/Piano,泥土,23,71,214501,1,1
9,2794,234,279.353,140,3.8,1,F#4,F#4,no,Harp/Piano,泥土,12,57,214543,1,1
9,2794,234,279.402,140,3.8,2,C6,C6,no,Chime,浮冰,6,85,214581,1,1
9,2795,235,279.462,140,4.0,1,F4,F4,no,Harp/Piano,泥土,11,78,214627,1,1
9,2795,235,279.486,140,4.0,2,F5,F5,no,Harp/Piano,泥土,23,70,214645,1,1
9,2796,236,279.569,140,4.2,1,E4,E4,no,Harp/Piano,泥土,10,76,214709,1,1
9,2796,236,279.585,140,4.2,2,F#5,F#5,no,Harp/Piano,泥土,24,80,214721,1,1
9,2797,237,279.656,140,4.4,1,D#4,D#4,no,Harp/Piano,泥土,9,77,214776,1,1
9,2797,237,279.715,140,4.4,2,C#6,C#6,no,Chime,浮冰,7,89,214821,1,1
9,2798,238,279.760,140,4.6,1,D4,D4,no,Harp/Piano,泥土,8,76,214856,1,1
9,2798,238,279.785,140,4.6,2,F#5,F#5,no,Harp/Piano,泥土,24,73,214875,1,1
9,2799,239,279.870,140,4.8,1,C#4,C#4,no,Harp/Piano,泥土,7,81,214940,1,1
9,2799,239,279.878,140,4.8,2,G5,G5,no,Chime,浮冰,1,89,214946,1,1
9,2800,240,279.971,141,1.0,1,C4,C4,no,Harp/Piano,泥土,6,82,215018,1,1
9,2800,240,280.004,141,1.0,2,C#6,C#6,no,Chime,浮冰,7,73,215043,1,1
9,2800,240,279.983,141,1.0,3,D6,D6,no,Chime,浮冰,8,98,215027,1,1
9,2801,241,280.124,141,1.2,1,A#3,A#3,no,Harp/Piano,泥土,4,83,215135,1,1
9,2801,241,280.068,141,1.2,2,B3,B3,no,Harp/Piano,泥土,5,84,215092,1,1
9,2801,241,280.077,141,1.2,3,G5,G5,no,Chime,浮冰,1,79,215099,1,1
9,2802,242,280.219,141,1.4,1,A3,A3,no,Harp/Piano,泥土,3,88,215208,1,1
9,2802,242,280.155,141,1.4,2,G#5,G#5,no,Chime,浮冰,2,92,215159,1,1
9,2803,243,280.328,141,1.6,1,G#3,G#3,no,Harp/Piano,泥土,2,87,215292,1,1
9,2803,243,280.284,141,1.6,2,C#6,C#6,no,Chime,浮冰,7,60,215258,1,1
9,2803,243,280.257,141,1.6,3,D#6,D#6,no,Chime,浮冰,9,104,215237,1,1
9,2804,244,280.415,141,1.8,1,G3,G3,no,Harp/Piano,泥土,1,92,215359,1,1
9,2804,244,280.410,141,1.8,2,A5,A5,no,Chime,浮冰,3,92,215355,1,1
9,2805,245,280.513,141,2.0,1,F#3,F#3,no,Harp/Piano,泥土,0,91,215434,1,1
9,2805,245,280.505,141,2.0,2,E6,E6,no,Chime,浮冰,10,98,215428,1,1
9,2806,246,280.605,141,2.2,1,F3,F3,no,Double Bass,橡木木板,23,99,215505,1,1
9,2806,246,280.605,141,2.2,2,A5,A5,no,Chime,浮冰,3,90,215505,1,1
9,2807,247,280.745,141,2.4,1,D#3,D#3,no,Double Bass,橡木木板,21,87,215612,1,1
9,2807,247,280.697,141,2.4,2,E3,E3,no,Double Bass,橡木木板,22,96,215575,1,1
9,2807,247,280.664,141,2.4,3,A#5,A#5,no,Chime,浮冰,4,94,215550,1,1
9,2808,248,280.753,141,2.6,1,F6,F6,no,Chime,浮冰,11,92,215618,1,1
9,2809,249,280.852,141,2.8,1,D3,D3,no,Double Bass,橡木木板,20,95,215694,1,1
9,2809,249,280.854,141,2.8,2,A#5,A#5,no,Chime,浮冰,4,91,215696,1,1
9,2810,250,280.962,141,3.0,1,C#3,C#3,no,Double Bass,橡木木板,19,98,215779,1,1
9,2810,250,280.957,141,3.0,2,B5,B5,no,Chime,浮冰,5,100,215775,1,1
9,2811,251,281.066,141,3.2,1,C3,C3,no,Double Bass,橡木木板,18,105,215859,1,1
9,2811,251,281.065,141,3.2,2,F#6,F#6,no,Chime,浮冰,12,101,215858,1,1
9,2814,254,281.423,141,3.8,1,B1,B1,no,Double Bass,橡木木板,5,87,216133,1,1
9,2814,254,281.417,141,3.8,2,B2,B2,no,Double Bass,橡木木板,17,96,216128,1,1
9,2814,254,281.414,141,3.8,3,B5,B5,no,Chime,浮冰,5,102,216126,1,1
9,2814,254,281.414,141,3.8,4,C#6,C#6,no,Chime,浮冰,7,99,216126,1,1
9,2814,254,281.411,141,3.8,5,B6,B6,no,Chime,浮冰,17,107,216124,1,1
9,2835,275,283.548,142,4.0,1,C#6,C#6,no,Chime,浮冰,7,91,217765,1,1
9,2835,275,283.536,142,4.0,2,A6,A6,no,Chime,浮冰,15,101,217756,1,1
9,2836,276,283.551,142,4.2,1,A5,A5,no,Chime,浮冰,3,91,217767,1,1
9,2836,276,283.552,142,4.2,2,F#6,F#6,no,Chime,浮冰,12,91,217768,1,1
9,2847,287,284.684,143,2.4,1,B5,B5,no,Chime,浮冰,5,87,218637,1,1
9,2847,287,284.676,143,2.4,2,C#6,C#6,no,Chime,浮冰,7,89,218631,1,1
9,2847,287,284.677,143,2.4,3,F6,F6,no,Chime,浮冰,11,92,218632,1,1
9,2855,295,285.475,143,4.0,1,F4,F4,no,Harp/Piano,泥土,11,75,219245,1,1
9,2855,295,285.474,143,4.0,2,B5,B5,no,Chime,浮冰,5,84,219244,1,1
9,2855,295,285.474,143,4.0,3,C#6,C#6,no,Chime,浮冰,7,89,219244,1,1
9,2855,295,285.465,143,4.0,4,G#6,G#6,no,Chime,浮冰,14,96,219237,1,1
9,2861,301,286.147,144,1.2,1,F#4,F#4,no,Harp/Piano,泥土,12,74,219761,1,1
9,2861,301,286.147,144,1.2,2,F#6,F#6,no,Chime,浮冰,12,91,219761,1,1
9,2862,302,286.154,144,1.4,1,A5,A5,no,Chime,浮冰,3,76,219766,1,1
9,2862,302,286.154,144,1.4,2,C#6,C#6,no,Chime,浮冰,7,82,219766,1,1
9,2867,307,286.678,144,2.4,1,A4,A4,no,Harp/Piano,泥土,15,74,220169,1,1
9,2867,307,286.677,144,2.4,2,F#5,F#5,no,Harp/Piano,泥土,24,78,220168,1,1
9,2867,307,286.676,144,2.4,3,A5,A5,no,Chime,浮冰,3,77,220167,1,1
9,2867,307,286.674,144,2.4,4,C6,C6,no,Chime,浮冰,6,88,220166,1,1
9,2871,311,287.107,144,3.2,1,C5,C5,no,Harp/Piano,泥土,18,72,220498,1,1
9,2871,311,287.099,144,3.2,2,F#5,F#5,no,Harp/Piano,泥土,24,78,220492,1,1
9,2871,311,287.100,144,3.2,3,A5,A5,no,Chime,浮冰,3,80,220493,1,1
9,2871,311,287.095,144,3.2,4,D#6,D#6,no,Chime,浮冰,9,93,220489,1,1
9,2875,315,287.492,144,4.0,1,C#5,C#5,no,Harp/Piano,泥土,19,73,220794,1,1
9,2875,315,287.483,144,4.0,2,F5,F5,no,Harp/Piano,泥土,23,83,220787,1,1
9,2875,315,287.475,144,4.0,3,C#6,C#6,no,Chime,浮冰,7,91,220781,1,1
9,2878,318,287.805,144,4.6,1,F5,F5,no,Harp/Piano,泥土,23,78,221034,1,1
9,2878,318,287.803,144,4.6,2,G#5,G#5,no,Chime,浮冰,2,90,221033,1,1
10,2881,1,288.129,145,1.2,1,B5,B5,no,Chime,浮冰,5,88,221283,1,1
10,2882,2,288.152,145,1.4,1,B2,B2,no,Double Bass,橡木木板,17,65,221301,1,1
10,2882,2,288.164,145,1.4,2,C#5,C#5,no,Harp/Piano,泥土,19,70,221310,1,1
10,2882,2,288.152,145,1.4,3,F5,F5,no,Harp/Piano,泥土,23,74,221301,1,1
10,2884,4,288.444,145,1.8,1,C#5,C#5,no,Harp/Piano,泥土,19,69,221525,1,1
10,2884,4,288.436,145,1.8,2,F#5,F#5,no,Harp/Piano,泥土,24,73,221519,1,1
10,2884,4,288.426,145,1.8,3,A5,A5,no,Chime,浮冰,3,86,221511,1,1
10,2887,7,288.706,145,2.4,1,B4,B4,no,Harp/Piano,泥土,17,57,221726,1,1
10,2887,7,288.706,145,2.4,2,C#5,C#5,no,Harp/Piano,泥土,19,62,221726,1,1
10,2887,7,288.703,145,2.4,3,F5,F5,no,Harp/Piano,泥土,23,72,221724,1,1
10,2890,10,288.992,145,3.0,1,F4,F4,no,Harp/Piano,泥土,11,64,221946,1,1
10,2890,10,288.987,145,3.0,2,B4,B4,no,Harp/Piano,泥土,17,60,221942,1,1
10,2890,10,289.004,145,3.0,3,C#5,C#5,no,Harp/Piano,泥土,19,66,221955,1,1
10,2890,10,288.982,145,3.0,4,G#5,G#5,no,Chime,浮冰,2,78,221938,1,1
10,2893,13,289.314,145,3.6,1,F#4,F#4,no,Harp/Piano,泥土,12,55,222193,1,1
10,2893,13,289.312,145,3.6,2,A4,A4,no,Harp/Piano,泥土,15,61,222192,1,1
10,2893,13,289.320,145,3.6,3,C#5,C#5,no,Harp/Piano,泥土,19,55,222198,1,1
10,2893,13,289.293,145,3.6,4,F#5,F#5,no,Harp/Piano,泥土,24,77,222177,1,1
10,2896,16,289.635,145,4.2,1,A4,A4,no,Harp/Piano,泥土,15,57,222440,1,1
10,2896,16,289.634,145,4.2,2,C5,C5,no,Harp/Piano,泥土,18,68,222439,1,1
10,2900,20,290.042,146,1.0,1,C5,C5,no,Harp/Piano,泥土,18,58,222752,1,1
10,2900,20,290.035,146,1.0,2,D#5,D#5,no,Harp/Piano,泥土,21,67,222747,1,1
10,2905,25,290.516,146,2.0,1,B4,B4,no,Harp/Piano,泥土,17,61,223116,1,1
10,2905,25,290.509,146,2.0,2,C#5,C#5,no,Harp/Piano,泥土,19,72,223111,1,1
10,2912,32,291.211,146,3.4,1,A#4,A#4,no,Harp/Piano,泥土,16,62,223650,1,1
10,2912,32,291.191,146,3.4,2,E5,E5,no,Harp/Piano,泥土,22,69,223635,1,1
10,2922,42,292.236,147,1.4,1,B3,B3,no,Harp/Piano,泥土,5,47,224437,1,1
10,2922,42,292.227,147,1.4,2,A4,A4,no,Harp/Piano,泥土,15,53,224430,1,1
10,2922,42,292.243,147,1.4,3,C#5,C#5,no,Harp/Piano,泥土,19,59,224443,1,1
10,2922,42,292.232,147,1.4,4,E5,E5,no,Harp/Piano,泥土,22,58,224434,1,1
10,2922,42,292.206,147,1.4,5,G#5,G#5,no,Chime,浮冰,2,78,224414,1,1
10,2944,64,294.440,148,1.8,1,F#5,F#5,no,Harp/Piano,泥土,24,65,226130,1,1
10,2945,65,294.484,148,2.0,1,B3,B3,no,Harp/Piano,泥土,5,26,226164,1,1
10,2945,65,294.457,148,2.0,2,B4,B4,no,Harp/Piano,泥土,17,45,226143,1,1
10,2945,65,294.473,148,2.0,3,D#5,D#5,no,Harp/Piano,泥土,21,46,226155,1,1
10,3007,127,300.723,151,2.4,1,E5,E5,no,Harp/Piano,泥土,22,46,230955,1,1
10,3021,141,302.145,152,1.2,1,B4,B4,no,Harp/Piano,泥土,17,46,232047,1,1
10,3021,141,302.132,152,1.2,2,F#5,F#5,no,Harp/Piano,泥土,24,54,232037,1,1
10,3022,142,302.158,152,1.4,1,E4,E4,no,Harp/Piano,泥土,10,39,232057,1,1
10,3022,142,302.151,152,1.4,2,G#4,G#4,no,Harp/Piano,泥土,14,41,232052,1,1
10,3027,147,302.674,152,2.4,1,E5,E5,no,Harp/Piano,泥土,22,57,232454,1,1
10,3029,149,302.901,152,2.8,1,F#5,F#5,no,Harp/Piano,泥土,24,60,232628,1,1
10,3034,154,303.375,152,3.8,1,E5,E5,no,Harp/Piano,泥土,22,56,232992,1,1
10,3038,158,303.835,152,4.6,1,F#5,F#5,no,Harp/Piano,泥土,24,67,233345,1,1
10,3040,160,304.048,153,1.0,1,G#4,G#4,no,Harp/Piano,泥土,14,45,233509,1,1
10,3040,160,304.048,153,1.0,2,B4,B4,no,Harp/Piano,泥土,17,53,233509,1,1
10,3043,163,304.292,153,1.6,1,E5,E5,no,Harp/Piano,泥土,22,60,233696,1,1
10,3047,167,304.736,153,2.4,1,F#5,F#5,no,Harp/Piano,泥土,24,70,234037,1,1
10,3052,172,305.194,153,3.4,1,E5,E5,no,Harp/Piano,泥土,22,63,234389,1,1
10,3056,176,305.635,153,4.2,1,E5,E5,no,Harp/Piano,泥土,22,63,234728,1,1
10,3059,179,305.887,153,4.8,1,E4,E4,no,Harp/Piano,泥土,10,40,234921,1,1
10,3059,179,305.909,153,4.8,2,A4,A4,no,Harp/Piano,泥土,15,52,234938,1,1
10,3059,179,305.911,153,4.8,3,C5,C5,no,Harp/Piano,泥土,18,52,234940,1,1
10,3059,179,305.904,153,4.8,4,F#5,F#5,no,Harp/Piano,泥土,24,77,234934,1,1
10,3072,192,307.167,154,3.4,1,G#5,G#5,no,Chime,浮冰,2,57,235904,1,1
10,3074,194,307.380,154,3.8,1,A5,A5,no,Chime,浮冰,3,72,236068,1,1
10,3076,196,307.607,154,4.2,1,G#5,G#5,no,Chime,浮冰,2,74,236242,1,1
10,3079,199,307.863,154,4.8,1,D5,D5,no,Harp/Piano,泥土,20,54,236439,1,1
10,3089,209,308.879,155,2.8,1,C5,C5,no,Harp/Piano,泥土,18,50,237219,1,1
10,3096,216,309.616,155,4.2,1,E4,E4,no,Harp/Piano,泥土,10,62,237785,1,1
10,3099,219,309.934,155,4.8,1,E3,E3,no,Double Bass,橡木木板,22,43,238029,1,1
10,3099,219,309.945,155,4.8,2,G#3,G#3,no,Harp/Piano,泥土,2,43,238038,1,1
10,3099,219,309.948,155,4.8,3,B3,B3,no,Harp/Piano,泥土,5,39,238040,1,1
10,3099,219,309.931,155,4.8,4,F#4,F#4,no,Harp/Piano,泥土,12,54,238027,1,1
10,3099,219,309.915,155,4.8,5,B4,B4,no,Harp/Piano,泥土,17,64,238015,1,1
10,3104,224,310.405,156,1.8,1,E4,E4,no,Harp/Piano,泥土,10,56,238391,1,1
10,3106,226,310.630,156,2.2,1,F#4,F#4,no,Harp/Piano,泥土,12,49,238564,1,1
10,3111,231,311.099,156,3.2,1,E4,E4,no,Harp/Piano,泥土,10,65,238924,1,1
10,3116,236,311.561,156,4.2,1,F#4,F#4,no,Harp/Piano,泥土,12,59,239279,1,1
10,3118,238,311.796,156,4.6,1,G#3,G#3,no,Harp/Piano,泥土,2,42,239459,1,1
10,3118,238,311.794,156,4.6,2,B3,B3,no,Harp/Piano,泥土,5,48,239458,1,1
10,3120,240,312.040,157,1.0,1,E4,E4,no,Harp/Piano,泥土,10,60,239647,1,1
10,3125,245,312.523,157,2.0,1,F#4,F#4,no,Harp/Piano,泥土,12,58,240018,1,1
10,3131,251,313.055,157,3.2,1,E4,E4,no,Harp/Piano,泥土,10,62,240426,1,1
10,3136,256,313.626,157,4.2,1,E4,E4,no,Harp/Piano,泥土,10,63,240865,1,1
10,3138,258,313.763,157,4.6,1,E3,E3,no,Double Bass,橡木木板,22,53,240970,1,1
10,3139,259,313.880,157,4.8,1,A3,A3,no,Harp/Piano,泥土,3,52,241060,1,1
10,3140,260,313.980,158,1.0,1,C4,C4,no,Harp/Piano,泥土,6,52,241137,1,1
10,3141,261,314.096,158,1.2,1,F4,F4,no,Harp/Piano,泥土,11,54,241226,1,1
10,3142,262,314.219,158,1.4,1,B4,B4,no,Harp/Piano,泥土,17,71,241320,1,1
10,3161,281,316.137,159,1.2,1,A4,A4,no,Harp/Piano,泥土,15,61,242793,1,1
10,3169,289,316.895,159,2.8,1,D4,D4,no,Harp/Piano,泥土,8,51,243375,1,1
10,3169,289,316.902,159,2.8,2,D5,D5,no,Harp/Piano,泥土,20,53,243381,1,1
10,3169,289,316.857,159,2.8,3,E5,E5,no,Harp/Piano,泥土,22,71,243346,1,1
10,3184,304,318.395,160,1.8,1,C4,C4,no,Harp/Piano,泥土,6,46,244527,1,1
10,3184,304,318.396,160,1.8,2,C5,C5,no,Harp/Piano,泥土,18,48,244528,1,1
10,3184,304,318.379,160,1.8,3,A5,A5,no,Chime,浮冰,3,68,244515,1,1
11,3214,14,321.354,161,3.8,1,E2,E2,no,Double Bass,橡木木板,10,46,246800,1,1
11,3228,28,322.803,162,2.6,1,B2,B2,no,Double Bass,橡木木板,17,40,247913,1,1
11,3228,28,322.822,162,2.6,2,B4,B4,no,Harp/Piano,泥土,17,52,247927,1,1
11,3228,28,322.802,162,2.6,3,G#5,G#5,no,Chime,浮冰,2,67,247912,1,1
11,3239,39,323.904,162,4.8,1,E3,E3,no,Double Bass,橡木木板,22,49,248758,1,1
11,3249,49,324.926,163,2.8,1,F#3,F#3,no,Harp/Piano,泥土,0,41,249543,1,1
11,3259,59,325.895,163,4.8,1,B3,B3,no,Harp/Piano,泥土,5,48,250287,1,1
11,3270,70,326.958,164,3.0,1,D#4,D#4,no,Harp/Piano,泥土,9,51,251104,1,1
11,3281,81,328.103,165,1.2,1,F#4,F#4,no,Harp/Piano,泥土,12,35,251983,1,1
11,3295,95,329.486,165,4.0,1,B4,B4,no,Harp/Piano,泥土,17,45,253045,1,1
11,3318,118,331.783,166,4.6,1,E5,E5,no,Harp/Piano,泥土,22,53,254809,1,1
11,3318,118,331.777,166,4.6,2,E6,E6,no,Chime,浮冰,10,65,254805,1,1
11,3346,146,334.594,168,2.2,1,E1,E2,yes,Double Bass,橡木木板,10,36,256968,1,1
11,3346,146,334.594,168,2.2,2,G#5,G#5,no,Chime,浮冰,2,56,256968,1,1
